-- phpMyAdmin SQL Dump
-- version 5.2.0
-- https://www.phpmyadmin.net/
--
-- Host: 127.0.0.1
-- Generation Time: Feb 19, 2024 at 08:37 AM
-- Server version: 10.4.24-MariaDB
-- PHP Version: 8.1.6

SET SQL_MODE = "NO_AUTO_VALUE_ON_ZERO";
START TRANSACTION;
SET time_zone = "+00:00";


/*!40101 SET @OLD_CHARACTER_SET_CLIENT=@@CHARACTER_SET_CLIENT */;
/*!40101 SET @OLD_CHARACTER_SET_RESULTS=@@CHARACTER_SET_RESULTS */;
/*!40101 SET @OLD_COLLATION_CONNECTION=@@COLLATION_CONNECTION */;
/*!40101 SET NAMES utf8mb4 */;

--
-- Database: `asco`
--

-- --------------------------------------------------------

--
-- Table structure for table `course_configuration`
--

CREATE TABLE `course_configuration` (
  `CONFIG_ID` int(10) NOT NULL,
  `INSTITUDE_ID` int(10) NOT NULL,
  `PROGRAM_ID` int(10) NOT NULL,
  `COURSE_DETAILS_ID` int(10) NOT NULL,
  `COURSE_TYPE` varchar(50) NOT NULL,
  `SEMESTER` int(10) NOT NULL
) ENGINE=InnoDB DEFAULT CHARSET=utf8mb4;

--
-- Dumping data for table `course_configuration`
--

INSERT INTO `course_configuration` (`CONFIG_ID`, `INSTITUDE_ID`, `PROGRAM_ID`, `COURSE_DETAILS_ID`, `COURSE_TYPE`, `SEMESTER`) VALUES
(1, 1, 1, 4, 'CORE', 1),
(2, 1, 1, 6, 'CORE', 1),
(3, 1, 1, 8, 'CORE', 4),
(4, 1, 1, 2, 'CORE', 2),
(5, 1, 1, 14, 'CORE', 4),
(6, 1, 1, 19, 'CORE', 4),
(7, 1, 1, 28, 'CORE', 4),
(8, 1, 1, 38, 'CONCENTRATIVE ELECTIVE', 4),
(9, 1, 1, 39, 'CONCENTRATIVE ELECTIVE', 4),
(10, 1, 1, 22, 'CORE', 1),
(11, 1, 1, 23, 'CORE', 1),
(12, 1, 1, 27, 'CONCENTRATIVE ELECTIVE', 1),
(13, 1, 1, 32, 'CONCENTRATIVE ELECTIVE', 1),
(14, 1, 1, 1, 'CORE', 2),
(15, 1, 1, 35, 'CORE', 4),
(16, 1, 1, 3, 'CORE', 2),
(17, 1, 1, 13, 'CORE', 2),
(18, 1, 1, 21, 'CORE', 2),
(19, 1, 1, 25, 'CONCENTRATIVE ELECTIVE', 2),
(20, 1, 1, 30, 'CONCENTRATIVE ELECTIVE', 2),
(21, 1, 1, 5, 'CORE', 3),
(22, 1, 1, 10, 'CORE', 3),
(23, 1, 1, 15, 'CORE', 3),
(24, 1, 1, 20, 'CORE', 3),
(25, 1, 1, 29, 'CONCENTRATIVE ELECTIVE', 3),
(26, 1, 1, 34, 'CONCENTRATIVE ELECTIVE', 3),
(27, 1, 1, 7, 'CORE', 5),
(28, 1, 1, 11, 'CORE', 5),
(30, 1, 1, 17, 'CORE', 5),
(31, 1, 1, 24, 'CORE', 5),
(32, 1, 1, 31, 'CORE', 5),
(33, 1, 1, 37, 'CONCENTRATIVE ELECTIVE', 5),
(34, 1, 1, 40, 'CONCENTRATIVE ELECTIVE', 5),
(35, 1, 1, 9, 'CORE', 6),
(36, 1, 1, 26, 'CORE', 6),
(37, 1, 1, 18, 'CORE', 6),
(38, 1, 1, 42, 'CORE', 1),
(39, 1, 2, 4, 'CORE', 1),
(40, 1, 2, 6, 'CORE', 1),
(41, 1, 2, 43, 'CORE', 1),
(42, 1, 2, 23, 'CORE', 1),
(43, 1, 2, 44, 'CONCENTRATIVE ELECTIVE', 1),
(44, 1, 2, 32, 'CONCENTRATIVE ELECTIVE', 1),
(45, 1, 2, 45, 'CORE', 2),
(46, 1, 2, 2, 'CORE', 2),
(47, 1, 2, 3, 'CORE', 2),
(48, 1, 2, 13, 'CORE', 2),
(49, 1, 2, 21, 'CORE', 2),
(50, 1, 2, 46, 'CONCENTRATIVE ELECTIVE', 2),
(51, 1, 2, 30, 'CONCENTRATIVE ELECTIVE', 2),
(52, 1, 2, 48, 'CORE', 3),
(53, 1, 2, 49, 'CORE', 3),
(54, 1, 2, 18, 'CORE', 6),
(55, 1, 2, 54, 'CORE', 4),
(56, 1, 2, 55, 'CORE', 4),
(57, 1, 2, 19, 'CORE', 4),
(58, 1, 2, 56, 'CORE', 4),
(59, 1, 2, 15, 'CORE', 3),
(60, 1, 2, 42, 'CORE', 1),
(61, 1, 2, 50, 'CORE', 3),
(62, 1, 2, 51, 'CORE', 3),
(63, 1, 2, 58, 'CONCENTRATIVE ELECTIVE', 3),
(64, 1, 2, 53, 'CONCENTRATIVE ELECTIVE', 3),
(65, 1, 2, 59, 'CORE', 4),
(66, 1, 2, 57, 'CONCENTRATIVE ELECTIVE', 4),
(67, 1, 2, 60, 'CONCENTRATIVE ELECTIVE', 4),
(68, 1, 2, 24, 'CORE', 5),
(69, 1, 2, 31, 'CORE', 5),
(70, 1, 2, 37, 'CONCENTRATIVE ELECTIVE', 5),
(71, 1, 2, 61, 'CONCENTRATIVE ELECTIVE', 5),
(72, 1, 2, 63, 'CORE', 5),
(73, 1, 2, 64, 'CORE', 5),
(74, 1, 2, 62, 'CORE', 5),
(75, 1, 1, 65, 'OPEN ELECTIVES', 1),
(76, 1, 1, 66, 'OPEN ELECTIVES', 1),
(77, 1, 1, 67, 'OPEN ELECTIVES', 1),
(78, 1, 1, 68, 'OPEN ELECTIVES', 1),
(79, 1, 1, 69, 'OPEN ELECTIVES', 1),
(80, 1, 1, 70, 'OPEN ELECTIVES', 1),
(81, 1, 1, 71, 'MINOR TRACK', 1),
(82, 1, 1, 72, 'CONCENTRATIVE ELECTIVE', 1),
(83, 1, 1, 73, 'CONCENTRATIVE ELECTIVE', 2),
(84, 1, 1, 74, 'OPEN ELECTIVES', 2),
(85, 1, 1, 75, 'OPEN ELECTIVES', 2),
(86, 1, 1, 76, 'OPEN ELECTIVES', 2),
(87, 1, 1, 77, 'OPEN ELECTIVES', 2),
(88, 1, 1, 78, 'OPEN ELECTIVES', 2),
(89, 1, 1, 79, 'OPEN ELECTIVES', 2),
(90, 1, 1, 80, 'MINOR TRACK', 2),
(91, 1, 1, 88, 'CONCENTRATIVE ELECTIVE', 4),
(92, 1, 1, 89, 'OPEN ELECTIVES', 4),
(93, 1, 1, 90, 'OPEN ELECTIVES', 4),
(94, 1, 1, 91, 'OPEN ELECTIVES', 4),
(95, 1, 1, 92, 'OPEN ELECTIVES', 4),
(96, 1, 1, 93, 'OPEN ELECTIVES', 4),
(97, 1, 1, 94, 'MINOR TRACK', 4),
(98, 1, 1, 95, 'CONCENTRATIVE ELECTIVE', 5),
(99, 1, 1, 96, 'OPEN ELECTIVES', 5),
(100, 1, 1, 97, 'OPEN ELECTIVES', 5),
(101, 1, 1, 98, 'OPEN ELECTIVES', 5),
(102, 1, 1, 99, 'OPEN ELECTIVES', 5),
(103, 1, 1, 100, 'OPEN ELECTIVES', 5),
(104, 1, 1, 101, 'MINOR TRACK', 5),
(105, 1, 1, 102, 'OPEN ELECTIVES', 6),
(106, 1, 1, 103, 'OPEN ELECTIVES', 6),
(107, 1, 1, 104, 'MINOR TRACK', 6),
(108, 1, 1, 81, 'CONCENTRATIVE ELECTIVE', 3),
(109, 1, 1, 82, 'OPEN ELECTIVES', 3),
(110, 1, 1, 83, 'OPEN ELECTIVES', 3),
(111, 1, 1, 84, 'OPEN ELECTIVES', 3),
(112, 1, 1, 85, 'OPEN ELECTIVES', 3),
(113, 1, 1, 86, 'OPEN ELECTIVES', 3),
(114, 1, 1, 87, 'MINOR TRACK', 3),
(115, 1, 1, 105, 'CORE', 3),
(116, 1, 2, 72, 'CONCENTRATIVE ELECTIVE', 1),
(117, 1, 2, 106, 'CONCENTRATIVE ELECTIVE', 1),
(118, 1, 2, 65, 'OPEN ELECTIVES', 1),
(119, 1, 2, 66, 'OPEN ELECTIVES', 1),
(120, 1, 2, 67, 'OPEN ELECTIVES', 1),
(121, 1, 2, 68, 'OPEN ELECTIVES', 1),
(122, 1, 2, 69, 'OPEN ELECTIVES', 1),
(123, 1, 2, 70, 'OPEN ELECTIVES', 1),
(124, 1, 2, 71, 'MINOR TRACK', 1),
(125, 1, 2, 73, 'CONCENTRATIVE ELECTIVE', 2),
(126, 1, 2, 74, 'OPEN ELECTIVES', 2),
(127, 1, 2, 75, 'OPEN ELECTIVES', 2),
(128, 1, 2, 76, 'OPEN ELECTIVES', 2),
(129, 1, 2, 77, 'OPEN ELECTIVES', 2),
(130, 1, 2, 78, 'OPEN ELECTIVES', 2),
(131, 1, 2, 79, 'OPEN ELECTIVES', 2),
(132, 1, 2, 107, 'CONCENTRATIVE ELECTIVE', 2),
(133, 1, 2, 81, 'CONCENTRATIVE ELECTIVE', 3),
(134, 1, 2, 82, 'OPEN ELECTIVES', 3),
(135, 1, 2, 83, 'OPEN ELECTIVES', 3),
(136, 1, 2, 84, 'OPEN ELECTIVES', 3),
(137, 1, 2, 85, 'OPEN ELECTIVES', 3),
(138, 1, 2, 86, 'OPEN ELECTIVES', 3),
(139, 1, 2, 108, 'CONCENTRATIVE ELECTIVE', 3),
(140, 1, 2, 88, 'CONCENTRATIVE ELECTIVE', 4),
(141, 1, 2, 109, 'CONCENTRATIVE ELECTIVE', 4),
(142, 1, 2, 89, 'OPEN ELECTIVES', 4),
(143, 1, 2, 90, 'OPEN ELECTIVES', 4),
(144, 1, 2, 91, 'OPEN ELECTIVES', 4),
(145, 1, 2, 92, 'OPEN ELECTIVES', 4),
(146, 1, 2, 93, 'OPEN ELECTIVES', 4),
(147, 1, 2, 95, 'CONCENTRATIVE ELECTIVE', 5),
(148, 1, 2, 110, 'CONCENTRATIVE ELECTIVE', 5),
(149, 1, 2, 111, 'CONCENTRATIVE ELECTIVE', 5),
(150, 1, 2, 96, 'OPEN ELECTIVES', 5),
(151, 1, 2, 97, 'OPEN ELECTIVES', 5),
(152, 1, 2, 98, 'OPEN ELECTIVES', 5),
(153, 1, 2, 99, 'OPEN ELECTIVES', 5),
(154, 1, 2, 100, 'OPEN ELECTIVES', 5),
(155, 1, 2, 101, 'MINOR TRACK', 5),
(156, 1, 2, 112, 'CORE', 6),
(157, 1, 2, 26, 'CORE', 6),
(158, 1, 2, 102, 'OPEN ELECTIVES', 6),
(159, 1, 2, 103, 'OPEN ELECTIVES', 6),
(160, 1, 2, 104, 'MINOR TRACK', 6),
(161, 1, 2, 80, 'MINOR TRACK', 2),
(162, 1, 2, 94, 'MINOR TRACK', 4),
(163, 1, 2, 87, 'MINOR TRACK', 3);

-- --------------------------------------------------------

--
-- Table structure for table `course_details`
--

CREATE TABLE `course_details` (
  `COURSE_DETAILS_ID` int(30) NOT NULL,
  `COURSE_CODE` varchar(30) NOT NULL,
  `COURSE_NAME` varchar(500) NOT NULL,
  `CREDIT` int(10) NOT NULL,
  `THEORY` int(10) NOT NULL,
  `PRACTICAL` int(10) NOT NULL,
  `TUTORIAL` int(10) NOT NULL,
  `PROJECT` int(10) NOT NULL,
  `CONTINUOUS_EVALUATION` int(10) NOT NULL,
  `ATTENDANCE` int(10) NOT NULL,
  `TOTAL_INTERNAL` int(10) NOT NULL,
  `TOTAL_EXTERNAL` int(10) NOT NULL,
  `COURSE_OUTCOME` varchar(1000) NOT NULL,
  `COURSE_OBJECTIVE` varchar(1000) NOT NULL,
  `MODULE_1` varchar(1000) NOT NULL,
  `MODULE_1_HOURS` int(10) NOT NULL,
  `MODULE_2` varchar(1000) NOT NULL,
  `MODULE_2_HOURS` int(10) NOT NULL,
  `MODULE_3` varchar(1000) NOT NULL,
  `MODULE_3_HOURS` int(10) NOT NULL,
  `MODULE_4` varchar(1000) NOT NULL,
  `MODULE_4_HOURS` int(10) NOT NULL,
  `MODULE_5` varchar(1000) NOT NULL,
  `MODULE_5_HOURS` int(10) NOT NULL,
  `REFERENCE` varchar(1000) NOT NULL
) ENGINE=InnoDB DEFAULT CHARSET=utf8mb4;

--
-- Dumping data for table `course_details`
--

INSERT INTO `course_details` (`COURSE_DETAILS_ID`, `COURSE_CODE`, `COURSE_NAME`, `CREDIT`, `THEORY`, `PRACTICAL`, `TUTORIAL`, `PROJECT`, `CONTINUOUS_EVALUATION`, `ATTENDANCE`, `TOTAL_INTERNAL`, `TOTAL_EXTERNAL`, `COURSE_OUTCOME`, `COURSE_OBJECTIVE`, `MODULE_1`, `MODULE_1_HOURS`, `MODULE_2`, `MODULE_2_HOURS`, `MODULE_3`, `MODULE_3_HOURS`, `MODULE_4`, `MODULE_4_HOURS`, `MODULE_5`, `MODULE_5_HOURS`, `REFERENCE`) VALUES
(1, 'ANI2201', 'CREATING ANIMATION I', 3, 2, 1, 0, 15, 10, 5, 30, 70, 'Demonstrate a solid understanding of the fundamental principles of animation, including timing, spacing, \nweight, and motion arcs\nApply concept development and storyboarding techniques to create engaging narratives for animated \nprojects.\n Design visually appealing and expressive characters for animation.\n Utilize industry-standard animation software tools to create 2D or 3D animations.\n', 'Understand the fundamental principles of animation, including timing, spacing, weight, and \nmotion arcs\nDevelop skills in concept development and storyboarding to create engaging narratives for \nanimated projects.\n Learn character design techniques and create visually appealing and expressive characters\nGain proficiency in using industry-standard animation software tools for creating 2D or 3D \nanimations.\n', 'Module I: Introduction to Creating Animation\nHistory and evolution of animation\nPrinciples of animation\nDifferent types of animation techniques', 8, 'Module II: Concept Development and Storyboarding\nDeveloping creative concepts for animated projects\nStorytelling techniques and narrative structure\nStoryboarding fundamentals', 12, 'Module III: Character Design\nElements of character design\nAnatomy and proportions\nExpressions and emotions\nBasic tools and features of animation software\nCreating a simple animation using software tools\nFrame-by-frame animation\nCreating a short hand-drawn animation project', 15, 'Module IV: Digital Animation\nDigital animation techniques\nKeyframing and interpolation\nCreating a digital animation project using software \ntools\nCreating a 3D animation project\nPre-production, production, and post-production \nstages\nCollaboration and teamwork in animation production\nSound effects and Foley', 45, 'NA', 0, '1.\"The Animator\'s Survival Kit\" by Richard Williams\nThis book is a comprehensive guide to the principles and techniques of animation. It covers everything \nfrom basic animation principles to advanced topics and provides practical advice for animators of all skill \nlevels.\n2.\"Character Animation Crash Course!\" by Eric Goldberg\nWritten by a Disney animator, this book offers valuable insights into character animation. It covers topics \nsuch as timing, posing, and acting, and includes practical exercises to help readers improve their animation \nskills.'),
(2, 'ANI2202', 'DIGITAL PHOTOGRAPHY I', 2, 1, 2, 0, 15, 10, 5, 30, 70, 'Students will learn What is Photography\nStudent will learn what is basic principles of light.\nStudents will learn about Camera, how to use it.\nStudents will learn about Camera lenses & Types of lenses.', 'This course will help students take great photographs. \nComposition People & nature Lighting &color\nLearn how to display pictures. \nUnderstand the mechanics of imaging and Unleash your creative potential.', 'Introduction to Photography \nInside the digital camera\nInside the digital camera\nThe Principles of Photography\nThe General Principles of Photography\n', 10, 'Types of cameras\nCameras, medium format cameras, large format camera \nand digital cameras\nComparative study of digital and analogue (SLR) \ncamera. Advantages and applications of digital \nphotography\nNormal, wide, tele, zoom, PC and TS lens\nWorking of a lens and angle of view of a lens', 10, 'Camera Controls\nShutter speed aperture exposure control, auto winder or \nmotorized camera, depth of field, selective focus\nExposure Meter: Incident meter and reflected meter. \nMetering System: Center weighted Spot and Matrix \nmetering. Filters: UV Filter, Polarizing filter, special \neffect filters and tripod\nComposition: Creative Composition, rule of thirds and \nGolden section. Managing Your Digital Assets: \nManaging digital cameras, Cleanness, Precautions, \nManaging Images printouts\nCamera mounts, accessories. Camera care Difference \nbetween multicamera and single camera setup', 10, 'NA', 0, 'NA', 0, 'Text and References: Text Photoshop Book for Digital Photographers (by Scott Kelby) \nReferences Photoshop Book for Digital Photographers (by Scott Kelby'),
(3, 'ANI2203', 'WEB DESIGN', 2, 2, 1, 0, 0, 25, 5, 30, 70, 'Understand the fundamentals of Web Design.\nConcept Development\nEvaluation of heuristic principles and application.\nAbility to formulate and articulate websites through HTML/Dreamweaver and other \nrelevant software.', 'This will help students to understand the importance of the web as a medium of \ncommunication.\nUnderstanding the principles of an effective web page, including an in-depth consideration \nof information architecture.\nOverall understanding and improving the interaction of user with the website.\nAlso understanding graphic design principles that can be related to web design and learn \nhow to implement them into practice', 'Introduction to Web Design and Development\nDiscussion on different website.\nTypes of websites: - categorization \nResponsive website\nStatic website\nDynamic website', 7, 'Introduction to HTML\nHTML Basics\nHTML Elements (tags)\nHTML Documents\nCreating an HTML document', 12, 'Mark up Tags\nHeading-Paragraphs, Line Breaks.\nIntroduction to Cascading Style sheets (CSS) \nCSS types (inline, internal, external),\nCSS Website layout and Print Layout', 11, 'Responsive website.\nCarousel, card, responsive image, Accordion\nJumbotron, Navigation, Nav bar,\nProject work\n ', 15, 'NA', 0, 'Frain, B., 2012. Responsive Web Design with HTML5 and CSS3. Birmingham: PACKT.\nLab Requirement: Adobe CC 2022 Installed with Adobe Dreamweaver.'),
(4, 'ANI2101', 'BASICS OF SKETCHING & DRAWING', 3, 2, 2, 0, 25, 0, 5, 30, 70, 'Student will be able to understand the importance of basics of sketching.\nStudent will be able to understand different styles and techniques of sketching.\nStudent will be able to sketch and render the topics, human figures and its proportions, different \nperspectives, Character designs, backgrounds etc. \nStudent will be able to create Story boards, visuals etc', 'To introduce the world of basics of sketching and rendering with all methods.\nTo describe techniques of sketching and role of sketching in creative field.\nTo aware the role of Perspectives its uses, proportion, and different views of drawing. \nTo utilize knowledge gained in creating Story board, Backgrounds, compositions, Character designs \nand drawings and perspectives', 'Introduction of Basics of Sketching & Drawing\nEvolution of Basics of Sketching & Drawing\nRole and importance of sketching in creative field.\nSketching types and styles.\nUses of different type of rendering. \nBasic drawing tools include pencils, \ncharcoal, pens, markers, and erasers.\nUnderstanding basic shapes such as \ncircles, squares, and triangles helps in \nconstructing objects and figures \naccurately.\nDrawing is a more refined technique that involves \nadding details, shading, and texture to create a \nrealistic or stylized representation.\nPractice is essential to improve drawing skills. \nRegularly sketching from life or reference photos \nhelps develop hand-eye coordination and visual \ninterpretation.', 12, 'The sketching room Set-up\nSet up of sketching room for practice of sketches \n(Actions and gestures of human figures, 3 D Shapes \nwith shade light study and practice)\nOutdoor sketching (practice session). \n08Creating different type of backgrounds.', 8, 'Assignment creation as per syllabus\nSketching involves creating rough, loose, and quick \ndrawings to capture the basic shapes and proportions \nof a subject.\nTypes of Assignments with different medium. \nTypes of perspective and its use in story board. \nTechniques such as hatching, cross-hatching, \nstippling, and blending can be used for shading and \nadding depth to drawings.\nTo create different type of subjective assignments \nwith proper execution\nStudying the work of other artists and attending \ndrawing classes or workshops can provide inspiration \nand guidance.\nClass test with submission / Assignments.', 15, 'Advance and important in subject\nExecution of assignment work with\nSketching, Rendering, styles & techniques\nFigures and Characters creation\nBackground with Perspectives\nUse of different Mediums\nStudy of Graphic style, Cartoon creation. \nOutdoor Sketching session with different mediums.\nRole of visualization, execution, and presentation.\nAssignments creation with proper study of rendering, \ntechniques, styles\nUnderstanding the shade and light.\nCreating Story board frames and Visual', 10, 'na ', 0, '\"Recommended Books:\nDrawing the Heads & Hands & Figure Drawing for all its worth by Andrew Loomis\nPerspective made easy by Ernest R. Norling\nDrawing for the absolute beginner by Mark Willenbrink and Merry Willenbrin\nForce: Dynamic Life Drawing for Animators by Mike Mattesi\"'),
(5, 'ANI2301', 'INTRODUCTION TO 3D MODELING', 3, 2, 2, 0, 25, 0, 5, 30, 7, 'Students will gain a solid understanding of the principles, techniques, and tools used in 3D graphics.\nThey will be able to identify and explain the fundamental concepts of 3D modelling, animation,lighting, rendering, and design principles.\nStudents will apply their knowledge to create 3D models, animations, and visualizations using industry-standard software.\nThese course outcomes reflect the goals of providing students with a strong foundation in 3D graphics principles and enabling them to apply their skills in practical projects and real-world\napplications.', 'Develop a Strong Foundation in 3D Graphics.\nFamiliarize students with the fundamental concepts, terminology, and principles of 3D graphics.\nEnable students to understand and apply key techniques in 3D modeling.\nPromote critical thinking and analysis in evaluating and refining 3D designs to achieve desired outcomes.', 'Fundamentals of 3D Modelling.\nIntroduction to 3D Modelling. \nOverview of 3D modeling and its applications in \nvarious industries.\nFamiliarization with a popular 3D modeling \nsoftware (e.g., Autodesk Maya, Blender)', 5, 'Advanced 3D Modeling Techniques\nUnderstanding the concept of edge flow for optimal \ntopology\nTechniques for modeling non-organic objects such \nas vehicles, architecture, and props\n', 12, 'Hard-Surface Modeling \nUnderstanding the principles and techniques of \nmodeling inanimate objects\nExploring the use of reference images and \nblueprints for accurate hard-surface modeling', 10, 'Advanced Modeling Techniques \nTechniques for optimizing and refining 3D models \nExploring retopology methods to create clean \ntopology and reduce polygon count\nProject: 3D Model Creation.\nApplying the learned techniques and skills to \ncreate a complete 3D model\nFocusing on either organic or hard-surface \nmodeling, depending on student preference and \ninterests\n', 18, 'NA', 0, '\"Blender Foundations: The Essential Guide to Learning Blender 2.9\" by Roland Hess\n\"Mastering Autodesk 3ds Max 2022\" by Joanna Stelmach and Donat Tracz.'),
(6, 'ANI2102', 'TYPOGRAPHY', 2, 1, 2, 0, 25, 0, 5, 30, 70, 'Understand the role and significance of typography in animation.\nDemonstrate knowledge of typography terminology, anatomy, and classifications.\nApply design principles to create visually appealing and effective typographic compositions.\nImplement animation techniques to bring typography to life and enhance storytelling.\nUtilize expressive typography to convey emotions, personality, and meaning.', 'Familiarize students with the fundamental principles and terminology of typography in the context of \nanimation.\nDevelop students\' skills in typographic design, including composition, hierarchy, and typeface selection.\nEnable students to create visually engaging and expressive typographic animations using timing, spacing, \nand motion techniques.\nTeach students to effectively convey emotions, personality, and meaning through typographic animation.\nProvide students with the knowledge and techniques to create 3D typographic elements with depth and \nlighting effects.', 'Module I: Introduction to Typography and Animation\nOverview of typography in animation \nUnderstanding the relationship between typography \nand motion\nHistorical context and evolution of typographic ', 12, 'Module II: Typography Fundamentals\nIntroduction to typography terminology and anatomy\nTypography classifications and their relevance in \nanimation\nPrinciples of legibility and readability', 8, 'Module III: Typographic Design Principles\nVisual hierarchy and typographic composition\nSelecting appropriate typefaces for animation\nColor theory and its impact on typographic design\nExploring timing and spacing for animated text\nEmphasizing meaning through typographic motion\nUsing typographic elements to convey emotions and \npersonality\nExperimental approaches to typographic animation', 15, 'Module IV: Typography in Character Animation\nTypography in Character Animation\nTypography as a form of character expression\nLip-syncing and syncing text with character \nmovements\nCreating dynamic and informative animated text\nCreating dynamic and informative animated text\nConstructive critique and feedback sessions\nFinal portfolio presentation and discussion', 10, 'NA', 0, 'Recommended Books:\n\"Thinking with Type: A Critical Guide for Designers, Writers, Editors, & Students\" by Ellen Lupton\n\"The Elements of Typographic Style\" by Robert Bringhurst.'),
(7, 'ANI2501', 'CREATING ANIMATION III', 3, 2, 2, 0, 15, 10, 5, 30, 70, 'Mastery of Animation Principles: Students will gain a deep understanding of timing, spacing, \nsquash and stretch, anticipation, and follow-through to create realistic and engaging animations.\nAdvanced Techniques: Students will learn and apply advanced animation techniques such as 3D \nanimation, motion capture, rigging, particle effects, and character animation using industry standard software.\nStorytelling through Animation: Students will develop storytelling skills and learn how to \neffectively convey narratives through animation by exploring storyboarding, character \ndevelopment, dialogue, and visual storytelling techniques.\nSpecialization: Students will have the opportunity to specialize in a specific animation style or \ntechnique, enabling them to further enhance their skills and pursue their specific interests within \nthe field', 'Master advanced animation principles.\nExplore and apply advanced animation techniques.\nDevelop storytelling skills through animation\nSpecialize in a specific animation style.', 'Introduction to Creating Animation\n Review of basic animation principles (timing, \nspacing, squash and stretch, etc.)\nAdvanced principles and their application in creating \nrealistic animations\nExploration of secondary motion, overlapping action, \nand weight in animations', 8, ' Advanced Animation Techniques\nIntroduction to 3D animation techniques and \nsoftware\n Motion capture techniques and integration into \nanimations\nRigging and character animation: advanced \ntechniques and best practices\n', 12, ' Storytelling through Animation\nStoryboarding techniques for planning and \nvisualizing animated sequences\nCharacter development and creating compelling \nanimated personalities\n Dialogue and sound design for effective storytelling\n Creating convincing weight and balance\nUnderstanding the 12 principles of animation in \npractice\nBlocking and refining animation poses\n Timing for different actions and emotions', 15, ' Specialization in Animation Style\n Exploration of different animation styles (e.g., \ntraditional, cutout, stop motion, etc.)\n Analysis and emulation of renowned animators and \ntheir signature styles\n Specialized techniques for specific animation styles \n(e.g., frame-by-frame animation, rotoscoping, etc.)\n Overlapping action and follow-through\nAnimating cloth and hair\n Animating complex character interactions (fighting, \ndancig, etc.)\n Project management and workflow optimization for \nanimation production', 10, 'NA', 0, '\"The Animator\'s Survival Kit\" by Richard Williams\nThis book is considered a must-read for animators and covers the principles and techniques of animation \nin detail. It provides a comprehensive guide to character animation, including timing, spacing, and acting.\n\"Character Animation Crash Course!\" by Eric Goldberg\nEric Goldberg, a Disney animator, shares his insights and techniques for character animation in this book. \nIt covers the basics of animation and provides step-by-step instructions for animating characters with \npersonality and appeal.'),
(8, 'ANI2401', 'RIGGING & SKINNING ', 3, 2, 2, 0, 15, 10, 5, 30, 70, 'Understand the fundamental concepts of rigging and skinning in computer animation.\nCreate skeletal structures and joint hierarchies for character rigs.\nApply inverse kinematics (IK) and forward kinematics (FK) techniques to control rig movement.\nImplement effective deformation techniques to achieve realistic character animation.', 'Understand the fundamental concepts of rigging and skinning in computer animation.\nCreate skeletal structures and joint hierarchies for character rigs.\nApply inverse kinematics (IK) and forward kinematics (FK) techniques to control rig movement.\nImplement effective deformation techniques to achieve realistic character animation.', 'Module I: Introduction to Rigging and Skinning\nOverview of rigging and skinning in computer animation\nRole of rigging and skinning in character animation and game development\nUnderstanding the rigging pipeline', 12, 'Module II: Basic Skeleton Creation\nJoint hierarchy and bone placement\nJoint orientation and rotation order\nBind poses and rest positions', 8, 'Module III: Rigging Controls and Constraints\nIntroduction to rigging controls\nImplementing translation and rotation controls\nImplementing translation and rotation controls\nWeight painting and smoothing techniques\nBlend shapes and corrective blend shapes\nMuscle and cloth simulations', 15, 'Module IV: Rigging for Animation Production\nRig optimization techniques\nRigging conventions and naming conventions\nRigging for different animation styles and \nrequirements\nSkinning techniques for complex character models\nSkinning tips and tricks\nRigging and skinning performance optimization\nFinal project and portfolio review', 10, 'NA', 0, 'Recommended Books:\n\"Stop Staring: Facial Modeling and Animation Done Right\" by Jason Osipa\nThis book focuses on facial rigging and animation, providing detailed techniques for \ncreating expressive and realistic facial rigs.\n\"Inspired 3D Advanced Rigging and Deformations\" by Brad Clark and David Grove.'),
(9, 'ANI2601', 'PROFESSIONAL PROJECT:- SPECIALIZATION: (ANYONE) CREATING ANIMATION-2D 3D ANIMATION COMPOSTING LIGHTING AND RENDERING', 9, 0, 0, 0, 0, 0, 0, 0, 100, 'Create high-quality animated content using industry-standard tools and techniques.\nDemonstrate proficiency in character design, storyboarding, and animation principles.\nApply advanced techniques such as rigging, texturing, and lighting to enhance animation projects.\nCollaborate effectively with a team to develop and execute animated projects.', 'Apply animation principles and techniques to create compelling and visually appealing content.\nExplore various animation styles and adapt them to suit project requirements.\nCollaborate effectively within a team to produce professional-quality animated projects.\nDemonstrate creativity and storytelling skills through the use of animation.', 'Module I: Introduction to Animation Professional \nProjects\nOverview of the course objectives and expectations\nIntroduction to industry-standard animation software and tools\nExploring different animation styles and techniques', 0, 'Module II: Project Planning and Pre-production\nUnderstanding the project scope, goals, and target audience\nStoryboarding and animatics\nScriptwriting and concept development', 0, 'Module III: Project Management and Delivery\nTime and resource management in animation projects\nSetting realistic project milestones and deadlines\nQuality control and ensuring the project meets industry standards', 0, 'Module IV: Portfolio Development and Presentation\nDeveloping a professional animation portfolio\nPresenting and discussing the completed project with peers and industry professionals', 0, 'N.A', 0, 'Recommended Books:\n\"Animation: From Concept to Production\" by Hannes Rall:\nThis book offers a detailed exploration of the animation production pipeline, from concept development \nto final output. It covers various stages of production, including pre-production, layout, animation, \nlighting, and post-production, providing a comprehensive understanding of the animation workflow.\n\"The Complete Digital Animation Course: Principles, Practices, and Techniques\" by Andy Wyatt:\nThis comprehensive guide covers the technical aspects of digital animation, including software tools, 3D modeling, texturing, rigging, and rendering. It provides hands-on tutorials and practical exercises to \ndevelop skills in digital animation production.'),
(10, 'ANI2305', 'LIGHTING & RENDERING I', 3, 2, 2, 0, 25, 0, 5, 30, 70, 'Students will be able to create interior rendering scenes\nStudents will be able to create interior product lighting rendering, 3D character lighting. \nStudents will be able to understand the concepts of lighting in 3d Animation.\nStudents will be able to develop the skills needed for production. ', 'To understand the workflow of Lighting \nTo understand the workflow of rendering.\nTo have an overall understanding of production quality rendering.\nStudents will be able to apply appropriate lighting setup for any given 3d files. ', 'Introduction to Lighting in 3D\nOverview of lighting concepts and techniques in computer graphics\nUnderstanding the importance of lighting in creating realistic and visually appealing scenes\nOverview of V-Ray rendering engine and its integration with 3ds Max\nFamiliarization with the V-Ray interface and basic settings', 10, 'Understanding V-Ray Lights\nExploring different types of V-Ray lights (e.g., Omni, Spot, Area)\nNatural and Artificial Lighting\nSimulating natural lighting conditions (e.g., daylight, skylight)\nCreating artificial lighting setups (e.g., interior, product lighting)\nUnderstanding global illumination techniques (e.g., GI, photon mapping)\nUtilizing indirect lighting methods for realistic scene illumination\nImplementing image-based lighting techniques using HDRI map', 10, 'Studio Lighting and Product Showcase\nCreating studio lighting setups for product visualization\nTechniques for showcasing products with different materials and surface', 10, 'Exterior Lighting and Landscape Rendering\nTechniques for outdoor scene lighting and rendering\nIncorporating natural elements such as trees, foliage, and water\nAdvanced Material Creation and Texturing\nUtilizing textures and shaders for realistic material representation\nAdvanced Rendering Effects \nRender Elements and Compositing\nCombining render elements to enhance the final image through compositing techniques\nProject: Realistic Scene Lighting and Rendering', 16, 'NA', 0, 'Beginning Lighting and Rendering with 3ds Max and V-Ray - Jamie Cardoso\nLab Requirement: 3D Studio Max.'),
(11, 'ANI2502', 'UNWRAPPING & TEXTURING', 3, 2, 2, 0, 15, 10, 5, 30, 70, 'Understand the importance of UV unwrapping and texturing in 3D modeling and game development.\nDemonstrate proficiency in various UV unwrapping techniques for different types of 3D models.\nApply textures effectively to 3D objects, considering factors such as resolution, optimization, and realism.\nCreate procedural textures using noise patterns, gradients, and node-based systems.', 'Gain a solid understanding of the principles and importance of UV unwrapping and texturing in 3D modeling and game development.\nDevelop proficiency in various UV unwrapping techniques for different types of 3D models.\nAcquire the skills to efficiently apply textures to 3D objects while considering resolution, optimization, and realism.\nLearn how to create procedural textures using noise patterns, gradients, and node-based systems.', ' Introduction to Unwrapping & Texturing\n Overview of the course objectives, tools, and software \nused\nIntroduction to UV mapping and its importance in \n3D modeling\nExploring different types of textures and their \napplications', 12, ' Fundamentals of UV Unwrapping\n Understanding UV coordinates and UV space\n Basic UV unwrapping techniques: planar, \ncylindrical, and spherical mapping\nOptimizing UV layouts for efficient texture usage', 8, 'Advanced UV Unwrapping Techniques\nUV unwrapping with complex geometry: organic \nand hard surface models\nUtilizing UV seams and cuts for better texture \ndistribution\nHands-on exercises in UV unwrapping using \nindustry-standard software\nUnderstanding texture channels and their role in the \nshading pipeline\nTexture resolution and optimization considerations\nIntroduction to node-based texturing systems\n Applying procedural textures to 3D models', 15, 'Texture Mapping for Animation\nTexture Mapping for Animation\n Techniques for seamless texture transitions in \nanimations\n Workflow considerations for texture mapping in \ngame development\nIntegrating textures into shading networks\nReal-time rendering considerations for games and \ninteractive applications\nReviewing and showcasing student projects\nReviewing and showcasing student projects', 10, 'NA', 0, '\"The Game Artist\'s Guide to Maya\" by Michael McKinley\n\"Texturing and Modeling: A Procedural Approach\" by David S. Ebert'),
(12, 'ANI2302', 'CHARACTER ANIMATION II', 3, 2, 2, 0, 15, 10, 5, 30, 70, 'Understand the principles of animation and their application to character animation.\nDevelop observational and analytical skills to create realistic character movements.\nGain proficiency in industry-standard animation software and tools.\nExplore various animation techniques and styles.', 'Understand the principles of animation and how they apply to character animation.\nDevelop skills in observation and analysis of motion to create believable character movements.\nGain proficiency in using industry-standard animation software and tools.\nExplore different animation techniques and styles.', 'Introduction to Character Animation\nHistory of animation\nOverview of different animation techniques and \nstyles\nUnderstanding the role of character animation in \nstorytelling\n', 8, 'Principles of Animation\nSquash and stretch\nTiming and spacing\nAnticipation and follow-through', 12, 'Understanding Anatomy and Movement\nBasic anatomy for animators\nObserving and analyzing human and animal motion\nTranslating observation into animated characters\nCreating convincing weight and balance\nUnderstanding the 12 principles of animation in \npractice\nBlocking and refining animation poses\nTiming for different actions and emotions', 15, 'Walk Cycles and Basic Actions\nCreating a convincing walk cycle\nAnimating other basic actions (run, jump, crawl, etc.)\nApplying the principles of animation to basic actions\nOverlapping action and follow-through\nAnimating cloth and hair\nAnimating complex character interactions (fighting, \ndancing, etc.)\nBasic animation techniques in digital software', 10, 'NA', 0, '\"The Animator\'s Survival Kit\" by Richard Williams\nThis book is considered a must-read for animators and covers the principles and techniques of animation \nin detail. It provides a comprehensive guide to character animation, including timing, spacing, and acting.\n\"Character Animation Crash Course!\" by Eric Goldberg'),
(13, 'ANI2204', 'INTRODUCTION TO MULTIMEDIA & ITS  APPLICATION', 3, 2, 2, 0, 25, 0, 5, 30, 70, 'Proficiently use Adobe Photoshop software.\nApply advanced tools and techniques.\nImage editing and manipulation.\nArtistic expression in design projects using Photoshop tools and techniques.', 'Learn essential tools and functions of Photoshop for image editing and manipulation.\nDevelop skills in creating and modifying graphics and designs.\nGain practical experience in working with Photoshop by completing various projects.\nGain confidence in using Photoshop for personal and professional projects.', 'Basic introduction and application of software.\nUses of tools and its effects.\nPhotoshop expanded to support color images, layers, and various effects.\nCreate subjective assignments with help of software and tools.', 12, 'Photoshop layers, allowing users to work on different elements of an image separately\nCommonly used in the design industry for creating graphics, logos, and illustrations.\nFile formats, including JPEG, PNG, TIFF, and PSD.\nCreating different type of backgrounds.', 8, 'Photoshop- used by photographers, graphic designers, and artists for editing, retouching, and compositing images.\nTools and features for editing, retouching, and enhancing images.\nTo create different type of subjective assignments with proper execution.\nImprovement of work quality.', 15, 'Use of powerful image editing software used in computer Graphic Designs.\nRole of visualization, execution, and presentation.\nStudy of Graphic style, Cartoon creation and Digital work.\nCreating Story board frames with help of software.', 10, 'NA', 0, 'Photoshop Workbook: Professional Retouching and Compositing Tips, Tricks, and Techniques by Glyn Dewis.\nAdobe Photoshop CC for Photographers by Martin Evening.\nPhotoshop CC: Visual QuickStart Guide by Elaine Weinmann and Peter Lourekas.'),
(14, 'ANI2402', 'INTRODUCTION TO ROTOSCOPY IN VFX', 3, 2, 2, 0, 15, 10, 5, 30, 70, 'Understand the role and importance of rotoscoping in the VFX pipeline.\nDemonstrate proficiency in using industry-standard software tools for rotoscoping.\nApply various rotoscoping techniques to accurately extract or mask elements from live-action footage.\nHandle complex challenges such as motion blur, fine details, and difficult edges in rotoscoping.', 'Introduce students to the fundamental principles and techniques of rotoscoping in VFX.\nFamiliarize students with industry-standard software tools used for rotoscoping.\nDevelop students\' skills in accurately extracting or masking elements from live-action footage.\nTeach students how to handle challenging aspects of rotoscoping, such as motion blur and fine details.', 'Module I: Introduction to RotoScopy in VFX\nOverview of rotoscoping in the VFX pipeline\nRole of rotoscope artists in the industry\nUnderstanding the importance of accurate roto work in compositing', 12, 'Module II: Basics of Rotoscoping\nPrinciples of masking and isolation\nIntroduction to industry-standard software tools for rotoscoping\nUnderstanding the use of splines and bezier curves', 8, 'Module III: Rotoscoping Techniques and Strategies\nDifferent approaches to rotoscoping based on shot complexity\nDealing with motion blur and challenging edges\nDealing with motion blur and challenging edges\nHandling fine details and hair in rotoscoping\nUtilizing advanced tools for refining roto work\nUnderstanding the role of rotoscoping in compositing\nTechniques for matching roto work with live-action elements', 15, 'Module IV: Advanced Rotoscoping Techniques\nIntroduction to planar tracking and its application in rotoscoping\nWorking with challenging elements such as smoke, fluids, and transparency\nExploring rotomation and its role in combining animation with rotoscoping\nCase studies and analysis of rotoscoping in popular VFX shots\nUnderstanding the collaboration between roto artists and compositors\nIntroduction to stereoscopic concepts and workflows\nTechniques for rotoscoping in stereoscopic projects', 10, 'NA', 0, '\"The Art and Science of Digital Compositing\" by Ron Brinkmann\n\"Digital Rotoscoping\" by Benjamin Bratt.'),
(15, 'ANI2304', 'UI/UX DESIGN', 3, 2, 2, 0, 25, 0, 5, 30, 70, 'After successful completion of this course, students would be able to: \nUnderstand the fundamentals of User Interface Design and User Experience Design \nUser centric analysis and research activities \nEvaluation of heuristic principles and application. \n', 'The UI/UX Design course brings a design-centric approach to user interface and user experience design. \nUnderstanding the importance of a visual communication perspective through user experience. \nOverall understanding and improving the interaction of user with the application/websitea\nConcept Development', 'Introduction to design Thinking in terms of \nwebsite/ app\nDiscussion on different website and apps. \nImportance of User research \nIntroduction to User centred Design', 4, 'The design Life cycle \nApplication of heuristic principles \nBrainstorming the ideas\nProject Development\nBrainstorming, \nUnderstanding, Ideation of a project(website/app)\nUnderstanding User, Their goals. \nResearch Techniques.', 11, 'Creating user Persona, User Scenario. \nImportance of Visual Communication \nGraphic Design Principles\nIcons, typography,Fonts', 13, 'Sitemap.\nIntroduction To Adobe XD\nIntroduction to Frames, tools\nLow Fidelity Wireframes\nMid Fidelity Wireframes\nHigh Fidelity Wireframes.\nCreating Prototype\nWork on project', 15, 'NA', 0, 'Mads Soegaard ,2018, The Basics of User Experience Design: A UX Design Book by the Interaction \nDesign Foundation. \nMarcos Keller, 2023, UX Basics for Beginners 2023: The Complete Guide to UX Design Every \nDesigner Should Know, Kindle Edition. \nManuel Olise,2021, UI/UX Design: The complete Guide to Mastery Kindle Edition'),
(16, 'VACANT', 'VACANT', 3, 0, 3, 0, 25, 0, 5, 30, 70, 'Proficiently use Adobe Photoshop software for image editing and manipulation.\n? Apply advanced tools and techniques to create and modify graphics, designs, and digital illustrations.\n? Produce high-quality digital artwork and illustrations.\n? Exhibit creativity and artistic expression in design projects using Photoshop tools and techniques.', 'Understand the basic principles and concepts of computer applications. \n2. Learn essential tools and functions of Photoshop for image editing and manipulation.\n3. Develop skills in creating and modifying graphics and designs. \n4. Gain practical experience in working with Photoshop by completing various hands-on projects.\n5. Gain confidence in using Photoshop for personal and professional projects.', 'Introduction of COMPUTER APPLICATION\n1.1\nEvolution of COMPUTER APPLICATION\n ? Photoshop became part of Adobe?s \nCreative Suite, integrating with other design tools. ? Basic introduction and application of \nsoftware.\n ? Uses of tools and its effects. \n ? Photoshop expanded to support color \nimages, layers, and various filters and effects. \n ? To create subjective assignments with help of software and tools\n1.2\nPhotoshop supports layers, allowing users to work on \ndifferent elements of an image separately and make \nnon-destructive edits.\n1.3 Photoshop is commonly used in the design industry \nfor creating graphics, logos, and illustrations.', 12, 'Work/Creation with softw2.1\nCreating digital art, website design, photo editing, \nand visual content creation for both print and digital \nmedia.\n2.2 File formats, including JPEG, PNG, TIFF, and PSD \n(Photoshop Document).\n \n2.3\nCreating different type of backgrounds. are', 8, 'Assignment creation as per syllabus\n3.1\nAssignments based on as per Module ? 1, 2, 3, 4\n3.2\nPhotoshop is widely used by photographers, graphic \ndesigners, and artists for editing, retouching, and \ncompositing images.\n3.3 Photoshop provides a vast array of tools and features \nfor editing, retouching, and enhancing images.\n3.4 Interviewing skills required for reporting.\n3.5\nTo create different type of subjective assignments \nwith proper execution.\n3.6 Improvement of work quality \n3.7 Photoshop is a powerful image editing software used \nin computer applications.', 15, 'Advance and important in subject\n4.1 Photoshop supports non-destructive editing, allowing \nfor experimentation and easy modifications.\n4.2 Study of Graphic style, Cartoon creation. \n4.3 Photoshop produces high-quality output for various \nfile formats.\n4.4 Role of visualization, execution, and presentation.\n4.5 Precise image manipulation, retouching, and enhancement.\n4.6 Learning resources and a vast community support \nlearning and skill improvement.\n4.7 Creating Story board frames with help of software.\n\n', 10, 'NA', 0, 'Recommended Books:\n? Photoshop Workbook: Professional Retouching and Compositing Tips, Tricks, and Techniques \nby Glyn Dewis.\n? Adobe Photoshop CC for Photographers by Martin Evening. \n? Photoshop CC: Visual QuickStart Guide by Elaine Weinmann and Peter Lourekas.'),
(17, 'ANI2503', 'LIGHTING & RENDERING II', 3, 2, 2, 0, 0, 25, 5, 30, 70, 'Students will be able to create rendering animated scenes, product lighting rendering, 3D character \nStudents will be able to create lighting using integrated Arnold render in Maya software. \nStudents will be able to understand the concepts of lighting in 3d Animation in Arnold. \nWill be able to undertake and deliver projects in maya Arnold. ', 'To understand the workflow of Lighting and rendering in Arnold Maya. \nTo have an overall understanding of production quality rendering.\nStudents will be able to apply appropriate lighting setup for any given 3d Maya 3d files. \nStudents will be able to gain the skills needed for production.', '\nIntroduction to Maya and the Arnold rendering \nengine. \nUnderstanding the principles of lighting in \nanimation\nFundamentals of Arnold shaders and materials \nBasics of Arnold render settings and image output ', 10, '\nIntroduction to different types of light sources \nin Arnold\nTechniques for creating realistic and stylized \nlighting setups in Maya \nUtilizing Arnold\'s physical sky and environment \nlighting for outdoor scenes\nMastering the use of area lights and light filters in \nArnold', 15, 'Introduction to global illumination and indirect \nlighting in Arnold\nAdvanced shading techniques for creating \nmaterials like metal, glass, and skin\n Optimizing render times and quality in Arnold', 10, 'Introduction to Arnold\'s camera settings and \ndepth of field effects\nVolumetric effects in Arnold\n Enhancing renders with Arnold\'s built-in post processing options\n Final project: Students will apply their knowledge \nto create a fully lit and rendered animation scene \nusing Maya and the Arnold renderer.', 10, 'NA', 0, '\nBeginning Lighting and Rendering with 3ds Max and V-Ray - Jamie Cardoso'),
(18, 'ANI2602', 'VISUALIZATION RESEARCH ', 3, 2, 2, 0, 15, 10, 5, 30, 70, 'Critically Study and evaluate current practices and models in animation.\nRecognise and interpret systems with the design environment Skills.\nTo practice design principles \nTo a variety of different visualization styles and to push creative mindset.', 'This course introduces the strategies of visualization as an efficient method to convey complex data.\nIt covers the fundamentals of visual communication and research methods.\nAnimation is a very strong tool which can be applied in graphic design, communication design, data visualization and human-computer interaction design. \nThe course combines the best practices from these intersections while focusing on effectiveness of the visualization', 'Module I: Introduction to Visual Design Research\nResearch Methodologies Primary, Secondary, Tertiary research methods.\nIntroduction to Data Visualization & Infographics\nTheoretical foundations of visualization', 12, 'Module II: Visual Storytelling.\nAnimated & Interactive Design\nAnimation in Web Design, UI-UX Design, Infographics and Motion Graphics\nCase Study', 8, 'Module III: Data Visualization Principles\nData Visualization Principles\nData Visualization Principles\nChoosing appropriate visualization tools and techniques\nColor theory and its application in visualization\nVisual storytelling techniques\nIncorporating data visualization in animated narratives\nCase studies of animation projects utilizing visualization', 15, 'Module IV: Interactive Visualization\nIntroduction to interactive visualization techniques\nDesigning interactive animation experiences\nUser experience (UX) and user interface (UI) design considerations\nImplementing interactivity in animation projects\nSimulation techniques: particles, fluid dynamics, cloth simulation\nEmerging trends in visualization research\nEvaluation of the developed visualization', 10, 'N/A', 0, 'Recommended Books:\n\"The Visual Display of Quantitative Information\" by Edward R. Tufte\n\"Information Visualization: Perception for Design\" by Colin Ware\n\"Visual Explanations: Images and Quantities, Evidence and Narrative\" by Edward R. Tufte\n\"Animating Real-Time Game Characters\" by Paul Steed.'),
(19, 'ANI2403', 'SOUND DESIGN', 3, 2, 2, 0, 15, 10, 5, 30, 70, 'Understand and apply the principles of sound design in various media formats.\nRecord, edit, and manipulate high-quality audio using digital tools.\nCreate and design sound effects and incorporate them into projects.\nEdit and enhance dialogue recordings, including ADR.', 'Understand and apply sound design principles in different media formats.\nDevelop practical skills in recording, editing, and manipulating audio.\nCreate and design sound effects and integrate them into projects.\nEnhance dialogue recordings and incorporate music effectively.', 'Module I: Introduction to Sound Design\nOverview of sound design and its importance in different media forms\nElements of sound design: sound effects, Foley, dialogue, music\nHistorical overview of sound design in film and other media', 12, 'Module II: Sound Theory and Perception\nPsychoacoustics: how humans perceive sound\nUnderstanding frequency, amplitude, and other key sound properties\nSound propagation, reflection, and absorption', 8, 'Module III: Sound Recording Techniques\nIntroduction to microphones and their characteristics\nRecording techniques for different sound sources (dialogue, ambience, Foley, etc.)\nField recording vs. studio recording\nBest practices for capturing high-quality audio\nCleaning and enhancing recorded audio\nSyncing audio to visual media\nFoley techniques: recording and editing footsteps, cloth movements, etc.', 15, 'Module IV: Music in Sound Design\nUnderstanding the role of music in sound design\nLicensing and rights considerations for using music in media projects\nCreating and editing music tracks\nBlending music with other sound elements\nCase studies of games with impressive special effects\nMixing and mastering for spatial sound systems\nSound design considerations for different genres', 10, 'NA', 0, 'Recommended Books:\n\"The Sound Effects Bible: How to Create and Record Hollywood Style Sound Effects\" by Ric \nViers\n\"Designing Sound\" by Andy Farnell.'),
(20, 'ANI2303', 'GRAPHIC DESIGN I', 3, 2, 2, 0, 15, 10, 5, 30, 70, 'Understand and apply the fundamental principles of graphic design, including composition, color theory, typography, and visual hierarchy.\nDemonstrate proficiency in using industry-standard design software such as Adobe Photoshop, Illustrator, and InDesign to create and manipulate images and graphics.\nCreate visually appealing and effective designs for various mediums, including print media, digital interfaces, and branding materials.\nDevelop strong typography skills and apply appropriate typefaces, font sizes, and spacing to enhance the readability and visual impact of designs.', 'Understand the fundamental principles and concepts of graphic design, including composition, color theory, typography, and visual hierarchy.\nDevelop proficiency in using industry-standard design software, such as Adobe Photoshop, Illustrator, and InDesign, to create and manipulate images and graphics.\nApply design principles and techniques to create visually appealing and effective designs for various mediums, including print media, digital interfaces, and branding materials.\nGain a comprehensive understanding of typography and its role in design, including selecting appropriate typefaces, font sizes, and spacing to enhance the readability and visual impact of \ndesigns.', 'Introduction to Graphic Design\nOverview of Graphic Design:\nDefinition and purpose of graphic design: \nIntroduce the concept of graphic design as the visual communication of ideas and messages through various mediums.\nImportance of visual communication and design in various industries: Discuss how graphic design plays a vital role in advertising, marketing, branding, web \ndesign, print media, and other fields.\nEvolution and historical milestones of graphic \ndesign: Explore key moments and influential \ndesigners throughout history, highlighting the \ndevelopment of design principles and styles', 12, 'Typography\nUnderstanding typefaces and fonts\nTypography principles and techniques\nEffective use of type in design', 8, 'Image Manipulation\nDefinition and purpose: Explain the concept of \nimage manipulation in graphic design, which \ninvolves modifying and enhancing digital images to \nachieve desired visual effects or communicate \nspecific messages.\nImportance of image manipulation in various design \nfields: Discuss how image manipulation is used in advertising, photography, web design, and other \nareas to create compelling visuals.\nImage file formats: Explain different image file \nformats, such as JPEG, PNG, and GIF, highlighting \ntheir characteristics and appropriate use cases.\nUnderstanding resolution: Discuss the concept of \nimage resolution, including pixels per inch (PPI) or \ndots per inch (DPI), and its impact on image quality \nand output.\nBasic selection tools: Introduce essential selection \ntools in image editing software, such as the marquee, \nlasso, and magic wand tools, for isolating specific \nareas or objects within an image.\nAdvanced selection techniques: Teach more \nadvanced selection techn', 15, 'Portfolio Development\nBuilding a portfolio of design work\nPresenting and showcasing design projects\nSelf-promotion and marketing strategies\nDiscuss the significance of a portfolio in the graphic \ndesign field as a showcase of skills, creativity, and \nprofessional experience.\nExplain how a well-curated portfolio can help \ndesigners attract clients, employers, and \nopportunities for career advancement.\nExplore different types of portfolios, such as print \nportfolios, digital portfolios (websites or PDFs), and \nonline portfolio platforms.\nDiscuss the advantages and considerations of each \nformat, including accessibility, presentation, and \nupdating ease.\nDefine the target audience: Encourage students to \nidentify their target audience, whether it\'s potential \nclients, employers, or specific design industries.\nCurate the portfolio content: Teach students how to \nselect and organize their best design work to \ndemonstrate their skills and expertise. Emphasize \nshowcasing a range of pro', 10, 'NA', 0, '1.Graphic Design: The New Basics\" by Ellen Lupton and Jennifer Cole Phillips\nThis book provides a comprehensive introduction to the principles and techniques of graphic \ndesign. It covers topics such as form and structure, visual language, color, typography, and \ncomposition. The book offers practical examples and exercises to help readers apply these concepts \nin their own design work.\n2.\"Graphic Design School: The Principles and Practice of Graphic Design\" by David Dabner, Sandra \nStewart, and Eric Zempol\nThis book serves as a comprehensive guide to graphic design principles and practices. It covers a \nwide range of topics, including typography, layout, color, branding, and digital design. The book \nincludes case studies, practical examples, and design projects to enhance learning and application'),
(21, 'ANI2205', 'INTRODUCTION TO 3D', 2, 2, 2, 0, 0, 25, 5, 30, 70, 'This course is the beginner\'s level of 3D animation and focuses on introducing 3D Blender Software.\nIt covers the fundamental knowledge of Blender Animation Application. \nStudents will be able to create 3D and Gaming Assets with the help of Animation, Modelling and \nTexturing techniques.', 'Learn the basics of 3D and navigate your way around the 3D interface.\nUnderstand how 3D components work and how to create 3D assets for your vfx and gaming scene. \nFamiliarize students with 3dModeling, Texturing, Lighting, Rendering and very basics Animation.\nThis will help students to gain basic knowledge of 3D applications.', 'Introduction to 3D and its application.\nIntroduction to 3d and its uses in Animation. \nUser interface.\nAdding objects and manipulation.\nNavigating in 3d space.\nTools and tabs.\n', 5, 'Edit Object Mode\nObject Mode, Edit mode, shading mode.\nUnderstanding Vertex, Edge, and Polygon\nCreating Basics 3d assets.\nBasics object modelling with materials.', 10, 'Polygon Modelling and Texturing\nLow poly and High poly modelling.\nOverview of texturing and unwrapping models.\nTexture painting techniques', 10, 'Lighting & Rendering\nOverview of Lighting & Rendering techniques.\nUnderstanding of Materials application.\nOverview of key frames Animation.\nAnimation with key frames.\nAnimating basics objects. \nBasics of Sculpting process in blender.\nCreating 3d assets with sculpting \nFinal Rendering Techniques.', 20, 'NA', 0, 'Blender 3D By Example - Oscar Baechler, Xury Greer');
INSERT INTO `course_details` (`COURSE_DETAILS_ID`, `COURSE_CODE`, `COURSE_NAME`, `CREDIT`, `THEORY`, `PRACTICAL`, `TUTORIAL`, `PROJECT`, `CONTINUOUS_EVALUATION`, `ATTENDANCE`, `TOTAL_INTERNAL`, `TOTAL_EXTERNAL`, `COURSE_OUTCOME`, `COURSE_OBJECTIVE`, `MODULE_1`, `MODULE_1_HOURS`, `MODULE_2`, `MODULE_2_HOURS`, `MODULE_3`, `MODULE_3_HOURS`, `MODULE_4`, `MODULE_4_HOURS`, `MODULE_5`, `MODULE_5_HOURS`, `REFERENCE`) VALUES
(22, 'ANI2105', 'MEDIA SOFTWARE', 2, 1, 2, 0, 25, 0, 5, 30, 70, 'Demonstrate a comprehensive understanding of fundamental concepts and principles related to media \nsoftware.\nIdentify and describe the functionalities of different types of media software tools.\nExplain the role of media software in digital media production, editing, and design.\nUtilize industry-standard media software tools effectively and efficiently.\nApply software skills to create and edit multimedia content, including images, videos, animations, and \ninteractive elements.\nEmploy various editing techniques, effects, and transitions to enhance media projects', 'Understand the fundamental concepts and principles of media software.\nUtilize industry-standard media software tools effectively.\nApply software skills to create and edit multimedia content.\nAnalyze and evaluate media software techniques for specific project requirements.\nCollaborate and communicate effectively within a team to complete media projects.', 'Module I: Introduction to Media Software\nIntroduction to Media Software\nOverview of different types of media \nsoftware\nUnderstanding the role of media software in \ndigital media production\nIntroduction to industry-standard software \ntools (example, Adobe Creative Suite, Final Cut \nPro) \nUnderstanding the role of media software in digital \nmedia production:\nExplore the significance of media software in the \ncreation, editing, and design of digital media content.\nDiscuss how media software enables professionals to \nmanipulate, enhance, and transform raw media \nelements into polished and engaging final products.\nIntroduction to industry-standard software tools:\nFamiliarize students with popular industry-standard \nmedia software tools, such as Adobe Creative Suite \n(Photoshop, Illustrator, Premiere Pro), Final Cut Pro, \nor other relevant software.\nProvide an overview of the functionalities and \ncapabilities of each software tool.', 12, 'Module II: Digital Image Editing\nIntroduction to raster graphics and image \nediting concepts\nUsing software tools for basic image \nmanipulation\nUnderstanding layers, filters, and effects\nUsing software tools for basic image manipulation:\nIntroduce students to essential image \nmanipulation techniques, including cropping, \nresizing, and rotating images.\nDemonstrate how to adjust brightness, \ncontrast, and saturation to enhance image quality.\nUnderstanding layers, filters, and effects:\nExplain the concept of layers and their role in \nnon-destructive editing.\nExplore the use of filters and effects to apply \ncreative enhancements and transformations to images.', 8, 'Module III: Vector Graphics and Illustration\nIntroduction to vector graphics and illustration \nconcepts:\nDefine vector graphics and explain how they \ndiffer from raster graphics.\nDiscuss the advantages of using vector \ngraphics for scalable and resolution independent designs.\nUsing software tools for creating vector-based \ndesigns:\nIntroduce students to software tools \nspecifically designed for creating vector \ngraphics and illustrations, such as Adobe \nIllustrator or CorelDRAW.\nFamiliarize students with the interface, tools, \nand panels used in vector-based design \nsoftware.\nExploring typography and layout principles:\nDiscuss the fundamentals of typography, \nincluding font selection, spacing, and \nalignment.\nExplore layout principles, such as balance, \nhierarchy, and composition, in the context of \nvector-based designs.\nShape creation and manipulation:\nTeach students how to create basic shapes, \nsuch as rectangles, circles, and polygons, \nusing vector drawing', 15, 'Module IV: Video Editing and Post-Production\nUnderstanding video formats, resolutions, and \ncodecs:\nExplain the concept of video formats and \ncodecs, such as MP4, AVI, and H.264.\nDiscuss the importance of choosing \nappropriate video resolutions based on the \nintended distribution platform and audience.\nBasic video editing techniques and transitions:\nIntroduce students to essential video editing \ntechniques, including trimming, splitting, and \nrearranging clips.\nTeach common transitions, such as cuts, \nfades, and dissolves, to create seamless visual \ntransitions between video segments.\nApplying effects, color correction, and audio \nenhancements:\nDemonstrate how to apply visual effects, \nsuch as color grading, filters, and motion \neffects, to enhance the visual aesthetics of video footage.\nCover techniques for adjusting brightness, \ncontrast, saturation, and color balance to \nachieve accurate and visually appealing video \ncolors.\nTeach audio editing techniques, incl', 10, 'NA', 0, 'Recommended Books:\n\"Adobe Photoshop CC Classroom in a Book\" by Andrew Faulkner and Conrad Chavez:\nThis book is an official training guide from Adobe and provides step-by-step lessons to learn Photoshop, \nthe industry-standard image editing software.\n\"The Adobe Illustrator WOW! Book\" by Sharon Steuer:'),
(23, 'ANI2104', 'FOUNDATION COURSE IN CLASSICAL ANIMATION', 3, 2, 2, 0, 25, 0, 5, 30, 70, 'Understand and apply the principles of classical animation, including timing, squash and stretch, \nanticipation, and staging.\nCreate convincing character movements with attention to weight, balance, and natural motion.\nDesign well-proportioned characters with a focus on anatomy and facial expressions.\nDevelop walk cycles, run cycles, and basic character movements with fluidity and realism.\nUtilize keyframes and inbetweening techniques to achieve smooth animation sequences.', 'Understand principles of classical animation.\nDevelop skills in character movement and dynamics.\nLearn character design techniques and principles.\nCreate walk cycles, run cycles, and basic character movements.\nGain proficiency in keyframing and inbetweening.', 'Module I: Introduction to Classical Animation\nHistory and Evolution of Animation\nPrinciples of Animation: Squash and Stretch, \nTiming, and Anticipation\nPrinciples of Animation: Staging and Exaggeration\nCharacter Design: Anatomy and Proportions', 8, 'Module II: Walk Cycles and Run Cycles\nUnderstanding Weight and Balance in Animation\nApplying Principles of Animation to Basic Character Movements\nArcs and Follow-Through', 12, 'Module III: Lip Sync and Dialogue Animation\nCharacter Expressions and Facial Animation\nActing and Performance in Animation\nDevelop skills in syncing character movements with \nspeech and sound.\nUnderstand phonetics and mouth shapes for different \nsounds and phonemes.\nPractice matching character expressions and \nemotions to dialogue.\nLearn to create convincing lip movements and timing \nfor dialogue.\nGain proficiency in animating dialogue-driven scenes.', 15, 'Module IV: Introduction to Traditional Animation \nTechniques\nUnderstand the fundamentals of traditional animation \nand its historical significance.\nLearn the basic principles of traditional animation, \nsuch as squash and stretch, timing, and anticipation.\nGain proficiency in hand-drawn animation \ntechniques, including keyframes and inbetweening.\nPractice creating smooth and fluid movement through \nthe use of arcs  and follow-through.\nLearn to convey emotions and expressions through character animation.\nExplore the use of exaggeration and staging \ntechniques to enhance storytelling.\nUnderstand the importance of observation and \nreference in creating lifelike animations.', 10, 'NA', 0, 'Recommended Books:\n\"The Animator\'s Survival Kit\" by Richard Williams\nThis book is considered a classic in the field of animation and provides a comprehensive guide to the \nprinciples and techniques of animation.\n\"The Illusion of Life: Disney Animation\" by Frank Thomas and Ollie Johnston\nWritten by two Disney animators, this book delves into the history and art of Disney animation, covering the principles and practices that have shaped the industry'),
(24, 'ANI2504', 'BG DEVELPOMENT', 3, 2, 2, 0, 15, 10, 5, 30, 70, 'Understand the fundamentals of VFX and its role in film and media.\nDemonstrate knowledge of the BG development pipeline and its various stages.\nApply concept art techniques to effectively design backgrounds for VFX.\nCreate 3D models of background elements using industry-standard software.', 'To provide students with a comprehensive understanding of the BG development pipeline for VFX, including its stages and workflow.\nTo familiarize students with the fundamental principles of VFX and its role in film and media.\nTo develop students\' skills in concept art and design, enabling them to effectively visualize and plan VFX background elements.\nTo introduce students to 3D modeling techniques and software used in the industry for creating realistic background elements.', 'Introduction to BG DEVELOPMENT \nIntroduction to BG Development for VFX\nOverview of the course and its objectives\nIntroduction to VFX and its role in film and media\nUnderstanding the pipeline for BG development\nDefinition of VFX and its role in enhancing visual storytelling.\nExamples of popular films and TV shows that rely on VFX.', 12, 'Concept Art and Design\nFundamentals of concept art for VFX background\nAnalyzing reference materials and creating mood \nboards\nSketching and ideation techniques for background \ndesign', 8, ' Matte Painting and Digital Environments\nIntroduction to matte painting techniques\nCombining 2D and 3D elements for digital \nenvironments\nCreating realistic textures and integrating them into \nscenes\nImage Acquisition: Collect reference images or \ncreate sketches to guide your composition and \ndesign.\nNew Document: Open Photoshop and create a new \ndocument with the desired resolution and aspect ratio \nfor your project.\nBackground: Start with a blank canvas or import an \nexisting image as the base background layer. This \ncan be a photograph or a 3D render.\nPhoto Textures and Elements: Incorporate photo \ntextures and elements by importing and blending \nthem into your composition. This can include rocks, \nfoliage, buildings, or any other', 15, 'Module IV: Compositing and Integration\n Import Footage: Start by importing your live-action \nfootage and any other elements or assets you\'ll be \nworking with, such as CGI renders or VFX elements. \nPre-processing: Before integrating the elements, you \nmay need to perform pre-processing tasks on \nindividual elements. This could involve keying out a \ngreen or blue screen background from your live action footage or performing color grading or clean up on your CGI elements.\n Integration: Place your elements in the scene by \npositioning and transforming them using the \n\"Transform\" node. Adjust their size, position, and \norientation to match the live-action footage.\n Point-wise Compositing: To perform point-wise \ncompositing, you can use nodes such as \"Merge,\" \n\"Copy,\" or \"Premult.\" These nodes allow you to \nmanipulate individual pixels or points within the \nimage by changing their color, opacity, or other \nattributes.\nRefine the Composite: Fine-tune the composite by \nadjusting the blending m', 10, 'NA', 0, '\"The Art and Science of Digital Compositing: Techniques for Visual Effects, Animation, and Motion \nGraphics\" by Ron Brinkmann: Although not specific to Nuke, this book provides a comprehensive \nunderstanding of digital compositing principles and techniques. It covers the fundamental concepts \nthat apply to Nuke and other compositing software.'),
(25, 'ANI2206', 'ACTION ANALYSIS', 3, 1, 2, 1, 15, 10, 5, 30, 70, 'Understanding: Gain a thorough understanding of the principles and techniques of action analysis in animation.\nObservation Skills: Develop strong observational skills to analyze and reference real-life actions \naccurately.\nObservation Skills: Develop strong observational skills to analyze and reference real-life actions \naccurately.', 'Understand the principles and techniques of action analysis in animation.\nDevelop observational skills to analyze and reference real-life actions.\nLearn to animate realistic body mechanics and character performances.\nMaster the basics of lip sync and dialogue animation.', 'Module I: Introduction to Action Analysis\nOverview of the course objectives and expectations\nImportance of action analysis in animation\nIntroduction to the principles of animation', 8, 'Module II: Concept of observation in action analysis\nStudy of live-action footage and reference materials\nCreating a personal reference library exercises to animate challenging action', 12, 'Module III: Understanding of Acting for Different \nCharacters\nUnderstanding the importance of character \npersonalities in action analysis\nIncorporating unique traits and mannerisms into \nperformances\nExpressions and emotions\nBasic tools and features of animation software\nCreating a simple animation using software tools\nFrame-by-frame animation\nAnalyzing impact and reaction forces', 15, 'Module IV: Understanding of Dynamic Poses and \nTiming\nUnderstanding the role of poses and timing in \nconveying action\nAnalysis of dynamic poses and keyframes\nApplying principles of anticipation, follow-through, \nand exaggeration\nCreating a 3D animation project\nPre-production, production, and post-production \nstages\nCollaboration and teamwork in animation production\nPractical exercises for creating impactful and \nenergetic animations', 10, 'NA', 0, 'Timing for Animation\" by Harold Whitaker and John Halas:\nThis book focuses on the crucial aspect of timing in animation. It explores the principles of timing, spacing, \nand rhythm, providing practical advice and examples for animators to\nAction Analysis for Animators\" by Chris Webster:\nThis book specifically concentrates on action analysis in animation. It explores the principles of \nmovement, weight, and force, and offers techniques for analyzing and animating various actions. It \nincludes case studies and exercises to help animators apply the concepts in their own work'),
(26, 'ANI2603', 'INTERNSHIP / DISSERTATION', 8, 0, 0, 0, 0, 0, 0, 0, 100, 'Develop their communication and teamwork skills.\nExperience the Opportunity to network with professionals in the field.\nGain a better understanding of the Animation & Gaming Industry.\nGet opportunity to apply what they have learned in the classroom to real-world situations.', 'To provide students with practical & theoretical experience in the field of animation.\nTo help students develop their skills and knowledge in animation through Dissertation (Black book) preparation.\nTo give students an opportunity to work with professionals in the field or to do research on subjects related to animation & Graphics.\nTo help students build their portfolio and gain experience working on real projects.', 'Duration of Internship 4-6 WEEKS\nBlack Book Research work. The research must be any topics related to Animation and Gaming. \n\nGUIDELINES:-\nThe procedure for doing Internship is as following:\nSelection of industry by students for doing internship as per their interest and course requirement.\nStudents will be guided by the department for getting the internship or they can find internship on their\nown as well.\nOnline registration by the students.\nAllocation of faculty guides on Amizone by the Institution.\nSubmission of Weekly Progress Report (WPR) to the respective faculty guide.\nMaintenance of Daily diary of work done by the student and submitting the same to the faculty guide.\nSubmission of Final Report.\n\nThe layout guidelines for the Internship File:\nA4 size Paper\nfont: Arial (10 points) or Times New Roman (12 points)\nLine spacing: Preferably double space.\ntop and bottom margins: 1 inch/ 2.5 cm; left and right margins: 1.25 inches/ 3 cm', 0, 'Internship Report Details \nIntroduction: Provide an overview of the internship and the organization where you worked.\nObjectives: Describe the objectives of your internship and how they were met.\nActivities: Describe the activities you performed during your internship.\nResults: Describe the results of your work and how it contributed to the organization.\nChallenges: Describe any challenges you faced during your internship and how you overcame them.\nLessons learned: Describe what you learned during your internship and how it will help you in your future career.\nConclusion: Summarize your experience and what you gained from your internship.\nRecommendations: Provide recommendations for improving the internship program.\nAcknowledgments: Thank those who helped you during your internship.\nAppendices: Include any additional materials that support your report, such as photographs or samples of work.', 0, 'N/A', 0, 'N/A', 0, 'N/A', 0, 'N/A'),
(27, 'ANI2106', 'CLAY MODELLING & SCULPTURE ', 2, 1, 0, 1, 15, 10, 5, 30, 70, 'Proficiency in clay modelling and sculpting techniques.\nEnhanced artistic expression and creativity.\nUnderstanding of form, volume, and proportion.\nTechnical competence in handling clay.', 'Development of conceptual thinking and storytelling abilities.\nImproved problem-solving and critical thinking skills.\nExploration of various materials and techniques.\nKnowledge of historical and contemporary contexts.\nCreation of a portfolio showcasing skills and growth.', 'Introduction of Clay Modelling & Sculpture\nEvolution of Clay Modelling & Sculpture\nIntroduction to Clay: Understanding \nthe properties and types of clay used \nin modelling and sculpture.\nBasic Techniques: Teaching \nfundamental techniques like wedging, \npinching, coiling, and slab-building.\nForm and Proportion: Exploring the \nconcepts of form, volume, and \nproportion in sculptural works.\nArmature Construction: Introducing \nthe construction and use of armatures \nto support clay sculptures during the \nsculpting process.\nSculpting Methods\nSurface Treatments', 10, 'Clay Modelling and Sculpture style and method \nFinishing and Presentation\nUnderstanding different types of clay and their \nproperties.\nFamiliarization with essential tools and materials.', 8, 'Learning basic techniques \nStudy of anatomy and proportion for realistic \nsculptures.\nExploring various sculpting methods and approaches.\nExperimenting with surface treatments and textures.\nEncouraging creative ideas and conceptualization of \nsculptures.\nUnderstanding scale, composition, and narrative in \nsculptural work.\nIntroduction to firing techniques and kiln operation.\nClass test with submission / Assignments.', 6, 'Exploring glazing and surface finishing techniques.\nDeveloping a portfolio of best works and artist \nstatements.\nPreparing for exhibitions and understanding \nprofessional practices.\nGuiding students in building a comprehensive \nportfolio showcasing their best works.\nRole of visualization, execution, and presentation.\nExperimenting with various surface treatments, \ntextures, and finishes\nExploring different sculpting methods\nStudy of cartoon characters with unique style', 6, 'NA', 0, 'Recommended Books:\nThe Art of Clay: Techniques and Inspirations for Polymer Clay Artists\" by Sherri Haab \nThe Sculptor\'s Way: A Guide to Modelling and Sculpture\" by Brenda Putnam \nSculpting in Clay with the Masters\" by Bruno Lucchesi and Margit Malmstrom '),
(28, 'ANI2404', 'KEYING & MOTION TRACKING', 3, 2, 2, 0, 15, 10, 5, 30, 70, 'Understand the principles of keying and motion tracking in visual effects and post-production.\nDemonstrate proficiency in various keying techniques, including chroma keying, luma keying, and \nalpha channel keying.\nUtilize keying tools and controls effectively to achieve high-quality keying results.\nApply advanced keying techniques such as despill, edge refinement, and garbage matting.', 'Understand the principles and concepts behind keying and motion tracking in visual effects and \npost-production.\nFamiliarize yourself with different keying techniques, such as chroma keying, luma keying, and \nalpha channel keying, and their respective applications.\nDevelop a thorough understanding of keying tools, software, and controls, and gain proficiency in \nutilizing them to achieve high-quality keying results.\nExplore various motion tracking methods, including point tracking, planar tracking, and camera \ntracking, and understand their uses in different scenarios.\n', 'Module I: Introduction to Keying and Motion Tracking\nIntroduction to Keying\nKeying fundamentals\nImportance of clean plates and pre production planning\nCommon types of keying: chroma keying, \nluma keying, and alpha channel keying\nEvaluating and choosing the appropriate \nkeying method\nImportance of clean plates and pre-production \nplanning: clean plates are essential elements in \nkeying, as they provide a reference for accurately \nseparating the subject from the background. You will \nunderstand the significance of capturing clean plates \nduring the production stage and how pre-production \nplanning plays a crucial role in obtaining high quality keying results.\nCommon types of keying: You will be introduced to \nthe different keying techniques used in visual effects, \nincluding chroma keying, luma keying, and alpha \nchannel keying.', 12, 'Module II: Keying Techniques\nChroma keying: green screen and blue screen \nkeying\nLuma keying: extracting based on brightness \nvalues\nAlpha channel keying: creating and manipulating \nalpha channels', 8, 'Module II: Keying Techniques\nChroma keying: green screen and blue screen keying\nLuma keying: extracting based on brightness values\nAlpha channel keying: creating and manipulating alpha channels', 15, 'Module IV: Real-World Applications\nIndustry examples of keying and motion \ntracking in films and commercials\nCase studies and analysis of successful \nkeying and motion tracking projects\nBest practices for working collaboratively \nand efficiently in a professional environment\nIndustry examples of keying and motion tracking: \nYou will analyze, and study examples of keying and \nmotion tracking used in professional productions. \nThis may include examining specific scenes from \nfilms or commercials where keying and motion \ntracking techniques were employed to achieve \nseamless integration of visual effects.\nCase studies and analysis: Through case studies, you \nwill gain insights into successful keying and motion \ntracking projects. You will analyze the challenges \nfaced, the techniques applied, and the overall impact \non the final visual outcome. This will help you \nunderstand how keying and motion tracking are used\nto enhance storytelling and create engaging visual \neffect', 10, 'NA', 0, 'Recommended Books:\n\"The Art and Science of Digital Compositing\" by Ron Brinkmann\n\"Digital Compositing for Film and Video\" by Steve Wright.'),
(29, 'ANI2306', '3D SCULPTURE MODELING ', 3, 2, 2, 0, 25, 0, 5, 30, 70, 'Proficiency in 3D Sculpting and Modelling Techniques.\nAbility to Create Organic Models.\nProficiency in Hard-Surface Modelling.\nUnderstanding of Advanced Sculpting and Modelling Techniques.', 'Develop Fundamental 3D Sculpting and Modelling Skills.\nSculpt and Model Realistic Organic Forms Model Complex Hard-Surface Objects.\nExplore Advanced Sculpting and Modelling Techniques.\nApply Skills to Create 3D Sculpted and Modelled Assets.', 'Introduction to 3D Sculpting and Modeling \nOverview of 3D sculpting and modelling in the \ncontext of digital art and animation \nIntroduction to different software used for 3D \nsculpting and modeling \nUnderstanding the fundamentals.\nExploring sculpting brushes and tools for shaping \nand refining 3D models', 10, 'Organic Sculpting and Modeling\nSculpting organic shapes and creatures using \nreference materials and sculpting tools\nUnderstanding facial anatomy and proportions for \ncharacter sculpting\nTechniques for creating folds, wrinkles, and details \non fabric and garments', 10, 'Hard-Surface Modeling\nTechniques of hard-surface modeling. \nTechniques for modeling props, mechanical \nobjects \nImportance of topology and edge flow for hard surface mode', 15, 'Advanced Sculpting Techniques\nExploring advanced sculpting tools and workflows \nfor fine details and intricate designs.\nTechniques for optimizing and refining high resolution sculpted characters. \nBoolean operations, lofting, and extrusions. \nProject: 3D Sculpting and Modeling.', 10, 'NA', 0, '\"Introducing ZBrush 4\" by Eric Keller - While not specifically an advanced book, this guide covers a wide \nrange of topics in-depth, including advanced sculpting techniques, rendering, and creating custom brushes\nZBrush Professional Tips and Techniques\" by Paul Gaboury\n'),
(30, 'ANI2207', 'MATTE PAINTING', 3, 1, 2, 1, 25, 0, 5, 30, 70, 'Basic knowledge of digital art software (e.g., Adobe Photoshop)\nFamiliarity with digital painting techniques\nUnderstanding of composition and perspective\nOverview of matte painting and its applications', 'Understand the fundamentals of matte painting, including composition, perspective, lighting, and \ncolor theory.\nLearn the techniques and tools used in digital matte painting, such as digital painting software \nand photo manipulation.\nEnhance your creativity and imagination by designing and executing compelling and visually \nstunning matte paintings.\nExplore different styles and genres of matte painting, including fantasy, sci-fi, historical, and \nmodern settings.', 'Introduction of Matte Painting\nEvolution of MATTE PAINTING\nBasic knowledge of digital art software (e.g., Adobe Photoshop)\nFamiliarity with digital painting techniques\nUnderstanding of composition and perspective\nCreating depth and focal points in a composition\nUnderstanding composition principles and their application in matte painting\nPerspective techniques for creating realistic environments', 8, 'Fundamentals of Composition and Perspective\nGathering reference materials for matte painting projects.\nDeveloping a concept and planning the composition\nAnalysing lighting and colour schemes.\nBlending and merging images seamlessly', 8, 'Matte Painting Techniques\nIntroduction to basic digital painting techniques\nWorking with layers and masks in Photoshop.\nCreating realistic textures and surfaces.\nTechniques for painting realistic landscapes and architecture\nIncorporating photo elements into a matte painting\nTechniques for creating realistic lighting effects.', 7, 'Advance and important in subject\nMatte painting techniques for animation and gaming industries\nTechniques for creating realistic lighting effects \nCreating matte paintings with advanced visual effects.\nAdvanced texturing and photo manipulation techniques\nDigital matte painting for different genres (sci-fi, fantasy, etc.)\nCreating stylized matte paintings.\nPortfolio development and presentation tips', 7, 'NA', 0, '\"Digital Matte Painting: Techniques, Tutorials, and Walk-Throughs\" by David B. Mattingly \nD\'artiste Matte Painting 2: Digital Artists Master Class\" edited by Alp Altiner \n\"The Techniques of Scott Robertson: How to Render Matte Surfaces\" by Scott Robertso'),
(31, 'ANI2505', 'PORTFOLIO DEVELOPMENT ', 3, 0, 0, 0, 0, 25, 5, 30, 70, 'Students will be able to create animations using 2D and 3D animation techniques.\nWill be able to design and develop characters for animations.\nStudents will be able to use special effects and compositing techniques in their animations.\nStudents will be able to use motion graphics and typography techniques in their animations.', 'Students will be able to create animations using 2D and 3D animation techniques.\nWill be able to design and develop characters for animations.\nStudents will be able to use special effects and compositing techniques in their animations.\nStudents will be able to use motion graphics and typography techniques in their animations.', 'Introduction to Portfolio Development\nImportance of Portfolio in Animation Industry\nypes of Portfolios. \n Creating a Portfolio Website/ Art Blog. \nProcess of creating a showreel that highlights an \nanimator?s best work and demonstrates their \nskills.', 20, '\nResume and Cover Letter Writing\nExploring Specialization Areas\nExploring specialized areas within animation, such as 3D modeling, texturing, rigging, or lighting.\nShowcasing work that highlights expertise in the chosen specialization.\nPresenting Professionalism and Industry Readiness.\nCreating a professional resume and artist statement.\nDemonstrating effective communication skills and presenting oneself as a competent professional.\nPortfolio Review and Refinement\nConducting portfolio reviews to receive feedback from instructors.\nIterating and refining the portfolio based on feedback and industry standards.', 25, 'NA', 0, 'NA', 0, 'NA', 0, 'NA'),
(32, 'ANI2107', 'NARRATIVE DESIGN 3 CR.', 2, 1, 2, 0, 15, 10, 5, 30, 70, 'Demonstrate a solid understanding of the principles and elements of narrative design across various media \nformats.\nApply effective storytelling techniques, including character development, plot structure, and world building, to create engaging narratives.\nCreate well-rounded and relatable characters with clear motivations and relationships.\nConstruct well-structured plots and story arcs that maintain tension and pacing.\nDevelop immersive and believable worlds that enhance the narrative experience.', 'Understand the fundamentals of narrative design and its applications in different media formats.\nExplore various storytelling techniques and strategies used in narrative design.\nDevelop skills in character creation and characterization for effective storytelling.\nLearn techniques for crafting engaging and immersive worlds and settings.\nGain proficiency in constructing well-structured plots and story arcs.', 'Module I: Introduction to Narrative Design\nDefinition and importance of narrative design\nNarrative design in various media formats\nElements of a narrative: characters, plot, setting,conflict, and resolution', 12, 'Module II: Character Development\nCreating compelling and relatable characters\nCharacter archetypes and roles\nCharacter backstory and motivation', 8, 'Module III: Plot and Story Structure\nPlot development and storyboarding\nPlot development and storyboarding\nTension, conflict, and pacing in storytelling\nPlot twists and turning points\nCultural, historical, and environmental \nconsiderations\nCharacter voice and speech patterns\nSubtext and implied meaning in dialogue ', 15, 'Module IV: Case Studies and Analysis\nAnalyzing and deconstructing existing narratives\nIdentifying narrative strengths and weaknesses\nLearning from successful narrative design examples\nLearning from successful narrative design examples\nCollaborative narrative design exercises\nIterative feedback and revision process\nPresenting and critiquing narrative concepts', 10, 'NA ', 0, 'Recommended Books:\n\"The Writer\'s Journey: Mythic Structure for Writers\" by Christopher Vogler\n\"Story: Style, Structure, Substance, and the Principles of Screenwriting\" by Robert McKee\n\"Creating Compelling Characters for Film, TV, Theatre, and Radio\" by Rib Davis\n\"Story Engineering: Mastering the 6 Core Competencies of Successful Writing\" by Larry Brooks'),
(33, 'VACANT', 'ANIMATION PROJECT', 3, 0, 3, 0, 0, 25, 5, 30, 70, '? After successful completion of this course, students would be able to gain an in-depth \nexposure to the area of specialization, to make the students industry ready. \n? The final project will be evaluated based on the quality of the concept, storytelling, animation \ntechniques, technical execution, and overall presentation.\n? Students\' ability to work collaboratively, meet deadlines, and effectively incorporate feedback \nwill also be considered.', '? The Animation Final Project aims to provide students with an opportunity to demonstrate their \nunderstanding of animation principles, storytelling, and technical skills through the creation of an \noriginal animated short film.\n? Animation projects are an opportunity for students to explore their creativity and experiment with \ndifferent styles and techniques.\n? This project will span the entire semester, allowing students to go through the complete animation \nproduction pipeline.', 'Module 1 \n\n1.1 Project Proposal (Week 1-2)\nStudents will develop a project proposal outlining \ntheir concept, story, and artistic vision for the \nanimated short film.\n - The proposal should include a brief synopsis, \ncharacter descriptions, and an outline of the \nanimation techniques and styles they plan to \nemploy.\n\n1.2 Pre-production (Week 3-5)\nStudents will focus on the pre-production phase, \nwhich includes concept development, character \ndesign, storyboard creation, and scriptwriting.\n - They will learn about storytelling techniques, \nshot composition, and the importance of effective \nplanning in the animation production process.\n\n1.3 Production (Week 6-10)\n - Students will begin the production phase, where \nthey will bring their concepts and designs to life.\n - They will learn and apply animation techniques \nsuch as keyframing, timing, easing, and motion arcs \nto create convincing character animations.\n - They will explore different software tools and \ntechniques for character rig', 25, '2.1 Presentation and Critique (Week 14-15)\n - Students will present their completed animated \nshort films to the class.\n - Peer critique and feedback sessions will be \nconducted to promote constructive criticism and \nimprovement.', 20, 'N/A', 0, 'N/A', 0, 'N/A', 0, 'N/A'),
(34, 'ANI2307', 'COLOUR THEORY ', 3, 2, 2, 0, 15, 10, 5, 30, 70, 'Understanding the basic principles of color theory\nKnowledge of the color wheel and its significance\nAbility to identify and distinguish between primary, secondary, and tertiary colors\nUnderstanding color harmonies and how to create pleasing color combinations', 'To introduce students to the fundamental principles and concepts of color theory.\nTo familiarize students with the color wheel and its components.\nTo provide an understanding of color relationships and harmonies.\nTo explore the psychological and emotional effects of color.', ' Introduction to Color Theory\nOverview of the course and its objectives\nHistorical context of color theory\nPerception of color and its cultural significance', 8, ' The Color Wheel\nPrimary, secondary, and tertiary colors\nColor wheel construction and organization \nExploring colour temperature and color value', 12, 'Color Harmony\nComplementary colors and their use in creating \ncontrast\nAnalogous colors and their harmonious combinations\nSplit complementary and triadic color schemes\nUnderstanding color dominance and focal points\nBalancing color in compositions\nColor and spatial perception\nAnalyzing color symbolism in different cultures ', 15, ' Psychological Effects of Color\nColor symbolism and cultural associations\nColor psychology and its influence on emotions and \nbehavior\nPractical applications of color psychology in design \nand branding\nCreating contrast through color value and intensity\nAnalyzing color symbolism in different cultures\nColor and its impact on consumer behavior and brand \nperception\nCase studies on successful color strategies in \nadvertising campaigns\n', 10, 'NA', 0, '\"Interaction of Color\" by Josef Alb\nThis classic book explores the perception of color and its interaction through a series of exercises and experiments. '),
(35, 'ANI2405', 'DIGITAL PHOTOGRAPHY II', 3, 2, 2, 0, 15, 10, 5, 30, 70, 'Students will know about Product Photography \nStudent will learn about Glamour Studio Photography\nhow to control exposure during event photography\nhow to use camera in wildlife photography', 'Students will get an overview on different genres of photography\nanalyzing the difference of the photography culture\nanalyzing the difference of the photography, composition and technical aspects used in shooting related \nsubjects.\nThe aim of the course is to train the mind in how to see the world though camera.', 'Photojournalism\nWhat is Photojournalism\nHow to deal with people\nHow to get information\nHow to find perfect frame', 12, 'Table-top Photography\nProduct Selection\nProps Selection\nGear-Camera selection\nHow to use light', 12, 'Glamour Photography\nHow to use Artificial light\nOne point ? Two point ? Three Point lighting\nMakeup\nRetouching', 11, 'Assignment: Assignment: Shooting Travel \nPhotography ,Portrait Photography\nFraming\nComposition\nColor Palette\nTechniques', 10, 'NA', 0, 'Recommended Books:\nPrescribed Textbooks: World of DSLR\nName and Publication.: Penguin\nReference Material: The British Journal of Photography\nName and Publication: online Journal'),
(36, 'VACANT', 'Workplace Communication', 1, 1, 0, 0, 40, 55, 5, 100, 0, 'After successful completion of this course, students shall:\n? Understand the various types of communication. \n? Use relevant technology to facilitate effective interpersonal communication. \n? Communicate effectively at workplace and imbibe professional writing skills and \ninterpersonal skills like Negotiation, Persuasion etc.', '? To enable students to conduct successful Group discussion without any hindrance. \n? To Provide an outline to Effective Organizational Communication.\n? To impart the correct practices of the strategies of Effective Business writing. ', 'Dynamics of Group Discussion\n\n1.1 Methodology, Role Functions \n\n1.2Mannerism \nGuidelines: Do?s and Don?ts ', 4, 'Professional Writing Skills \n\n2.1 Statement of Purpose, \n2.2 Proposal: Types and Format \n2.3 Email writing ', 6, 'Professional Skills \n\n3.1 Interpersonal Skills: Negotiations \n3.2 Art of Persuasion \n3.3Personality Development: Dressing and \nGrooming \n3.4 Meetings, Telephonic Skills', 7, 'N/A', 0, 'N/A', 0, 'Text & References: \n? Jermy Comfort, Speaking Effectively, et.al, Cambridge \n? Krishnaswamy, N, Creative English for Communication, Macmillan \n? Raman Prakash, Business Communication, Oxford. \n? Taylor, Conversation in Practice \nAnjanee Sethi & Bhavana Adhikari, Business Communication, Tata McGraw Hill '),
(37, 'ANI2506', 'DIGITAL PAINTING', 3, 2, 2, 0, 15, 10, 5, 30, 70, 'Proficiency in environment and landscape painting, capturing lighting and atmosphere.\nKnowledge of concept art principles and storytelling in digital illustrations.\nExploration of advanced techniques and specialization areas in digital painting.\nAbility to give and receive constructive critiques and feedback.', 'Develop proficiency in digital painting software and tools.\nUnderstand and apply color theory in digital artwork.\nMaster brush techniques and customization for digital painting.\nCreate realistic textures, lighting, and shadows in digital paintings.', ' Introduction to Digital Painting\n Overview of digital painting and its applications\n Introduction to digital painting software and tools\nUnderstanding different file formats and resolution \nfor digital artwork', 8, 'Module II: Digital Painting Fundamentals\nColor theory and digital color mixing\nBrush techniques and customization in digital \npainting software\nLayer management and blending modes', 12, ' Composition and Perspective\nPrinciples of composition in digital painting\nUnderstanding and applying perspective in digital \nartwork\nCreating depth and focal points in digital paintings\nTechniques for capturing realistic textures and \nmaterials digitally\nCreating form, lighting, and shadow in still life \npaintings\nBlocking and refining animation poses\nExploring different approaches to object studies', 15, ' Creating believable landscapes and environments \ndigitally\nTechniques for capturing lighting and atmosphere in \ndigital paintings\n Composition and storytelling in environmental \nartwork\n Developing a visual narrative and storytelling in \nconcept art\nCreating dynamic and visually appealing illustrations \ndigitally\nAdvanced brush techniques and effects in digital \npainting\n Exploring specialized areas such as matte painting, \ncreature design, or fantasy art', 10, 'NA', 0, '\"Digital Painting Techniques: Practical Techniques of Digital Art Masters\" by 3dtotal Publishing:\nThis book features insights and tutorials from professional digital artists, showcasing various styles and \ntechniques used in digital painting. It covers topics such as concept art, character design, environment \npainting, and more. \n\"The Digital Painting Bible\" by Gary Tonge:\nThis comprehensive guide covers the essentials of digital painting, including brush techniques, color \ntheory, composition, and digital workflow. It offers step-by-step tutorials and practical exercises for artists \nof all skill levels.'),
(38, 'ANI2406', 'ADVANCED EFFECT SYSTEM', 3, 2, 2, 0, 15, 10, 5, 30, 70, 'Demonstrate a comprehensive understanding of advanced effect systems in visual effects, including \nthe underlying principles and concepts.\nUtilize industry-standard software and tools proficiently to create complex and visually stunning effects.\nApply various techniques to simulate and create realistic effects such as fire, smoke, fluid \nsimulations, explosions, and more.\nDevelop advanced particle system setups and optimize them for efficient effect creation.', 'Understand the principles and concepts of advanced effect systems in VFX\nDevelop a working knowledge of industry-standard software used for creating complex effects.\nExplore various techniques for creating realistic simulations of natural phenomena, such as fire, smoke, water, and explosions.\nLearn advanced particle system setups and optimization techniques for efficient effect creation', 'Module I: Introduction to Advanced Effect System\nOverview of advanced effect systems in VFX\nUnderstanding the role of effects in visual storytelling\nIntroduction to industry-standard software and tools', 12, 'Module II: Particle Systems and Dynamics\nAdvanced particle system setups and controls\nSimulating complex physical behaviors\nCollision detection and response', 8, 'Module III: Fire and Explosions\nCreating realistic fire effects\nSimulating explosions and shockwaves\nControlling the behavior of fire and explosions\nUnderstanding the characteristics and behavior of fire.\nSetting up particle systems to simulate fire.\nAdjusting particle parameters, such as size, color, and opacity.\nControlling the motion and behavior of fire particles.', 15, 'Module IV: Compositing and Integration\nBasics of compositing visual effects\nIntegration of effects into live-action footage\nColor grading and finalizing effect shots\nStrategies for optimizing effect systems\nMemory and performance considerations\nRendering optimization techniques\nCommon issues and challenges in effect creation', 10, 'NA', 0, 'Recommended Books:\n\"Real-Time Rendering\" by Tomas Akenine-M?ller, Eric Haines, and Naty Hoffman\nThis book covers a wide range of topics related to real-time rendering, including advanced \ntechniques for creating visual effects such as particle systems, fluid simulations, and volumetric effects.\n\"Digital Effects in Cinema: From Jurassic Park to Avatar\" by Ian Failes\nThis book provides insights into the creation of digital effects in cinema, covering various advanced \neffect systems used in blockbuster films. It explores the techniques and workflows involved in creating realistic simulations, explosions, destruction, and more'),
(39, 'ANI2407', 'DIGITAL EDITING', 3, 2, 2, 0, 25, 0, 5, 30, 70, 'Proficiency in industry-standard editing software (e.g., Adobe Photoshop, Premiere Pro, Audition)\nTechnical skills in importing, organizing, and editing digital media files\nUnderstanding of creative editing techniques to enhance digital content\nAbility to plan, execute, and manage digital editing projects', 'Understand the principles and techniques of digital editing\nGain proficiency in using industry-standard editing software\nDevelop critical thinking skills for making creative editing decisions\nApply editing techniques to enhance the visual and auditory impact of digital content', 'Introduction of Intro to Multimedia & its application.\nIntroduction to DIGITAL EDITING.\nOverview of digital editing processes and tools.\nUnderstanding different types of digital media (images, videos, audio)\nIntroduction to image editing software (e.g., Adobe Photoshop, GIMP).\nBasic image manipulation techniques (cropping, resizing, retouching).\nColor correction and adjustment\nIntroduction to layers and masks.\nCreating composite images.\nIntroduction to video editing software (e.g., Adobe Premiere Pro, Final Cut Pro)\nUnderstanding the video editing workflow.', 12, 'Video Editing\nAudio editing and synchronization\nWorking with audio: adjusting levels and adding sound effects.\nImporting and organizing video files.', 8, 'Advanced Video Editing\nAdvanced video editing techniques: keyframing, color grading, and masking\nWorking with multiple video and audio tracks\nCreating and applying custom effects\nIntroduction to motion graphics and animation.\nExporting and rendering video projects.\nIntroduction to audio editing software (e.g., Adobe Audition, Audacity)\nImporting and organizing audio files.', 15, 'Audio Editing\nBasic audio editing techniques: trimming, splitting, and arranging clips\nAdjusting audio levels and applying effects\nNoise reduction and audio restoration.\nRole of visualization, execution, and presentation.\nMixing and mastering audio.\nAdvanced audio editing techniques: automation, equalization, and compression.\nWorking with multi-track recordings.', 10, 'NA', 0, 'Recommended Books:\nThe Adobe Photoshop CC Book for Digital Photographers\" by Scott Kelby\n\"Adobe Premiere Pro Classroom in a Book\" by Maxim Jago\n\"Final Cut Pro X: Professional Post-Production\" by Brendan Boykin'),
(40, 'ANI2507', 'GRAPHIC DESIGN II', 3, 2, 2, 0, 25, 0, 5, 30, 70, 'Mastery of advanced design principles.\nExpertise in innovative typography.\nProficiency in unconventional color schemes.\nSophisticated layout and composition skills.', 'Advanced Design Principles: Apply complex design principles creatively.\nAdvanced Typography: Experiment with innovative type treatments.\nAdvanced Color Theory: Explore unconventional color schemes.\nAdvanced Layout and Composition: Develop sophisticated design arrangements.', 'Introduction of GRAPHIC DESIGN II\nEvolution of GRAPHIC DESIGN II\nAdvanced Design Principles: \nExplore and apply advanced design \nprinciples creatively.Innovative Typography: \nExperiment with advanced \ntypographic techniques and \nexpressive type treatments.\nComplex Color Theory: Advanced \ncolor schemes, and color \nmanipulation.\nSophisticated Layout and \nComposition: Dynamic design \narrangements for various mediums.\nAdvanced Design Principles: Explore and apply \nadvanced design principles in complex compositions\nColor harmonies and schemes', 12, 'Layout and Composition:\nAdvanced Typography Techniques: Teach expressive type treatments and custom type design.\nAdvanced Color Manipulation: Cover advanced color theory and techniques\nAdvanced Layout and Composition', 8, 'mage Editing and Manipulation:\nAdvanced Image Editing and ManipulationBranding and Identity Development\nAdvanced Digital Design: Explore interactive design, motion graphics, and user interface (UI) design.\nPrint Production and Pre-Press\nIntroduction to digital illustration techniques.\nProfessional Development and Industry Awareness\nIncorporating illustrations into design projects.\n', 15, 'Digital Design:\nUser interface (UI) design principles.\nexploring expressive type treatments, custom lettering, and typographic hierarchy to create impactful and distinctive designs.\nInnovative and interactive digital designs\nExecute complex print projects with precision and creativity\nCreating a professional design portfolio\nPrepare for professional success by demonstrating advanced presentation skills\nBuilding a personal brand as a graphic designer', 10, 'NA', 0, 'Graphic Design: The New Basics\" by Ellen Lupton and Jennifer Cole Phillips\nGraphic Design Thinking: Beyond Brainstorming\" by Ellen Lupton, Jennifer Cole\nThe Elements of Typographic Style\" by Robert Bringhurs');
INSERT INTO `course_details` (`COURSE_DETAILS_ID`, `COURSE_CODE`, `COURSE_NAME`, `CREDIT`, `THEORY`, `PRACTICAL`, `TUTORIAL`, `PROJECT`, `CONTINUOUS_EVALUATION`, `ATTENDANCE`, `TOTAL_INTERNAL`, `TOTAL_EXTERNAL`, `COURSE_OUTCOME`, `COURSE_OBJECTIVE`, `MODULE_1`, `MODULE_1_HOURS`, `MODULE_2`, `MODULE_2_HOURS`, `MODULE_3`, `MODULE_3_HOURS`, `MODULE_4`, `MODULE_4_HOURS`, `MODULE_5`, `MODULE_5_HOURS`, `REFERENCE`) VALUES
(41, 'VACANT', 'NTERPERSONAL  COMMUNICATION AND RELATIONSHIP MANAGEMENT', 1, 1, 0, 0, 25, 10, 5, 0, 0, '? The knowledge of this subject is essential to understand about interpersonal communication what is the need of todays personal and professional life also Enhancing personal effectiveness and performance through effective interpersonal communication Enhancing their conflict management and negotiation \nskills', 'Course Objective:\nThis course aims at imparting:\n1. To introduce the student to the variety of principles of interpersonal communication..\n2. To take students, step by step, through an interactive understanding of each of these principles.\n3. To give the student a basic understanding of these principles that he/she have a better understanding of interpersonal communication.\n4. To give the student a basic understanding which will act as a foundation to present study and further career.\n5. To develop an understanding of interpersonal communication and its worth in their personal and \nprofessional life.', 'Interpersonal Communication: An Introduction \n\n1.1 Importance and need of Interpersonal \nCommunication\n1.2 Types of interpersonal communication? Self and \nOther Oriented\n1.3 Rapport Building ? NLP, Communication Mode\n1.4 Steps to improve Interpersonal Communication\n\nBehavioral Communication\n2.1 Meaning and Nature of behavioral communication\n2.2 Persuasion, Influence, Listening and Questioning\nGuidelines for developing Human Communication \nskills\n2.3 Relevance of Behavioral Communication for \npersonal and professional development\n2.4 Barriers and Challenges Behavioral \ncommunication', 3, 'Interpersonal Styles \n\n3.1 Transactional Analysis\n3.2 Life Position/Script Analysis\n3.3 Games Analysis\n3.4 Interactional and Transactional Styles\n\nConflict Management\n\n4.1 Meaning and nature of conflicts\n4.2 Styles and techniques of conflict management\n4.3 Conflict management and interpersonal \ncommunication \n4.4 The conflict process', 3, 'Negotiation Skills\n\n5.1 Meaning and Negotiation approaches (Traditional \nand Contemporary)\n5.2 Process and strategies of negotiations\n5.3 Negotiation and interpersonal communication\n5.4 Negotiation Conflict\n\n\n\nEnd-of-Semester Appraisal \n\n6.1 Viva based on personal journal, \nAssessment of Behavioral \nchange as a result of training.\n6.2 Exit Level Rating by Self and Observer', 4, 'N/A', 0, 'N/A', 0, 'Recommended Books:\n\n? Vangelist L. Anita, Mark N. Knapp, Inter Personal Communication and Human Relationships: Third \nEdition, Allyn and Bacon.\n? Julia T. Wood. Interpersonal Communication everyday encounter\n? Simons, Christine, Naylor, Belinda: Effective Communication for Managers, 1997 1st\n Edition Cassel\n? Goddard, Ken: Informative Writing, 1995 1st Edition, Cassell\n? HarvardBusinessSchool, Effective Communication: United States of America\n? Foster John, Effective Writing Skills: Volume-7, First Edition 2000, Institute of Public Relations (IPR)\nBeebe, Beebe and Redmond; Interpersonal Communication, 1996; Allyn and Bacon Publishers'),
(42, 'ANI2103', 'COMPUTER APPLICATION', 3, 2, 2, 0, 25, 0, 5, 30, 70, 'Understand Computer Systems: Define and explain the basic components of a computer system.\nDescribe the functions of the central processing unit (CPU), memory, storage, and input/output devices.\nDiscuss the role and functions of operating systems in managing computer resources.\nProficiency in Office Suite Applications: Utilize Microsoft Word for word processing and document formatting.', 'Foundational Computer Knowledge: Students will have a solid understanding of the components and functions of a\ncomputer system.\nProficiency in Office Applications: Students will be proficient in using Microsoft Word, Excel, and PowerPoint for\ncommon office tasks.\nProgramming Fundamentals: Students will be familiar with basic programming concepts, algorithms, and problemsolving techniques.\nData Analysis Proficiency: Students will be capable of visualizing and interpreting data using tools like Excel.', 'Introduction to Computers and Operating Systems.\nOverview of Computer Systems.\nComponents of a Computer.\nIntroduction to Operating Systems.\nFile Management.\n', 9, 'Office Suite Applications.\nMicrosoft Word: Word Processing and Document Formatting.\nMicrosoft Excel: Spreadsheet Basics and Data Analysis.\nMicrosoft PowerPoint: Creating Effective Presentations.\n', 9, 'Introduction to Programming Concepts.\r\nBasics of Programming Logic.\r\nIntroduction to Algorithms.\r\nProblem Solving Techniques.\r\n', 9, 'Introduction to Data Analysis.\r\nBasics of Data Analytics.\r\nData Visualization using Tools like Excel.\r\nIntroduction to Data Interpretation.\r\n', 9, 'Final Project and Assessment.\r\nStudents work on a small project applying the skills learned throughout the semester.\r\nPresentation and assessment of final projects.\r\n', 9, '\"Computer Science Illuminated\" by Nell Dale and John Lewis* \"Shelly Cashman Series: Microsoft Office 365 & Office 2019\" by Misty E. Vermaat, Steven M. Freund, Raymond E. Enger, and Joy L. Starks* \"Python Crash Course\" by Eric Matthes* \"Data Science for Business\" by Foster Provost and Tom Fawcett* \"Computer Networking: Principles, Protocols and Practice\" by Olivier Bonaventure* \"Introduction to Algorithms\" by Thomas H. Cormen, Charles E. Leiserson, Ronald L. Rivest, and Clifford Stein*'),
(43, 'AMG2105', 'PROGRAMMING IN C', 2, 1, 2, 0, 25, 0, 5, 30, 70, 'NEED TO FEED', 'NEED TO FEED', 'NEED TO FEED', 0, 'NEED TO FEED', 0, 'NEED TO FEED', 0, 'NEED TO FEED', 0, 'NEED TO FEED', 0, 'NEED TO FEED'),
(44, 'AMG2106', 'INTRODUCTION TO GAME DESIGN', 2, 1, 0, 1, 25, 0, 5, 30, 70, 'NEED TO FEED', 'NEED TO FEED', 'NEED TO FEED', 0, 'NEED TO FEED', 0, 'NEED TO FEED', 0, 'NEED TO FEED', 0, 'NEED TO FEED', 0, 'NEED TO FEED'),
(45, 'AMG2201', 'BASICS OF HTML', 3, 2, 1, 0, 25, 0, 5, 30, 70, 'NEED TO FEED', '0', 'NEED TO FEED', 0, 'NEED TO FEED', 0, 'NEED TO FEED', 0, 'NEED TO FEED', 0, 'NEED TO FEED', 0, 'NEED TO FEED'),
(46, 'AMG2206', 'PROGRAMMING IN C# / ACTIONSCRIPT', 3, 1, 2, 1, 25, 0, 5, 30, 70, 'NEED TO FEED', 'NEED TO FEED', 'NEED TO FEED', 0, 'NEED TO FEED', 0, 'NEED TO FEED', 0, 'NEED TO FEED', 0, 'NEED TO FEED', 0, 'NEED TO FEED'),
(47, 'AMG2207', 'MATTE PAINTING', 3, 1, 2, 1, 25, 0, 5, 30, 70, 'NEED TO UPDATE', 'NEED TO UPDATE', 'NEED TO UPDATE', 0, 'NEED TO UPDATE', 0, 'NEED TO UPDATE', 0, 'NEED TO UPDATE', 0, 'NEED TO UPDATE', 0, 'NEED TO UPDATE'),
(48, 'AMG2301', 'INTRODUCTION TO MODELLING', 3, 2, 2, 0, 25, 0, 5, 30, 70, 'NEED TO UPDATE', 'NEED TO UPDATE', 'NEED TO UPDATE', 0, 'NEED TO UPDATE', 0, 'NEED TO UPDATE', 0, 'NEED TO UPDATE', 0, 'NEED TO UPDATE', 0, 'NEED TO UPDATE'),
(49, 'AMG2302', 'INTRODUCTION TO GAME ENGINE', 3, 2, 2, 0, 25, 0, 5, 30, 70, 'NEED TO UPDATE', 'NEED TO UPDATE', 'NEED TO UPDATE', 0, 'NEED TO UPDATE', 0, 'NEED TO UPDATE', 0, 'NEED TO UPDATE', 0, 'NEED TO UPDATE', 0, 'NEED TO UPDATE'),
(50, 'AMG2303', 'SCRIPTING FOR GAMES', 3, 2, 2, 0, 25, 0, 5, 30, 70, 'NEED TO UPDATE', 'NEED TO UPDATE', 'NEED TO UPDATE', 0, 'NEED TO UPDATE', 0, 'NEED TO UPDATE', 0, 'NEED TO UPDATE', 0, 'NEED TO UPDATE', 0, 'NEED TO UPDATE'),
(51, 'AMG2305', 'GAME ANIMATION I', 3, 2, 2, 0, 25, 0, 5, 30, 70, 'NEED TO UPDATE', 'NEED TO UPDATE', 'NEED TO UPDATE', 0, 'NEED TO UPDATE', 0, 'NEED TO UPDATE', 0, 'NEED TO UPDATE', 0, 'NEED TO UPDATE`', 0, 'NEED TO UPDATE'),
(52, 'AMG2306', 'GRAPHICS DESIGN I', 3, 2, 2, 0, 25, 0, 5, 30, 70, 'NEED TO UPDATE', 'NEED TO UPDATE', 'NEED TO UPDATE', 0, 'NEED TO UPDATE', 0, 'NEED TO UPDATE', 0, 'NEED TO UPDATE', 0, 'NEED TO UPDATE', 0, 'NEED TO UPDATE'),
(53, 'AMG2307', 'DRAWING AND SKETCHING FOR GAMES', 3, 2, 2, 0, 25, 0, 5, 30, 70, 'NEED TO UPDATE', 'NEED TO UPDATE', 'NEED TO UPDATE', 0, 'NEED TO UPDATE', 0, 'NEED TO UPDATE', 0, 'NEED TO UPDATE', 0, 'NEED TO UPDATE', 0, 'NEED TO UPDATE'),
(54, 'AMG2401', 'CHARACTER RIGGING', 3, 2, 2, 0, 25, 0, 5, 30, 70, 'NEED TO UPDATE', 'NEED TO UPDATE', 'NEED TO UPDATE', 0, 'NEED TO UPDATE', 0, 'NEED TO UPDATE', 0, 'NEED TO UPDATE', 0, 'NEED TO UPDATE', 0, 'NEED TO UPDATE'),
(55, 'AMG2402', 'PARTICLES AND EFFECTS', 3, 2, 2, 0, 25, 0, 5, 30, 70, 'NEED TO UPDATE', 'NEED TO UPDATE', 'NEED TO UPDATE', 0, 'NEED TO UPDATE', 0, 'NEED TO UPDATE', 0, 'NEED TO UPDATE', 0, 'NEED TO UPDATE', 0, 'NEED TO UPDATE'),
(56, 'AMG2404', 'BAKING LIGHTS & TEXTURES', 3, 2, 2, 0, 25, 0, 5, 30, 70, 'NEED TO UPDATE', 'NEED TO UPDATE', 'NEED TO UPDATE', 0, 'NEED TO UPDATE', 0, 'NEED TO UPDATE', 0, 'NEED TO UPDATE', 0, 'NEED TO UPDATE', 0, 'NEED TO UPDATE'),
(57, 'AMG2407', 'MOBILE GAME PROTOTYPE', 3, 2, 2, 0, 25, 0, 5, 30, 70, 'NEED TO UPDATE', 'NEED TO UPDATE', 'NEED TO UPDATE', 0, 'NEED TO UPDATE', 0, 'NEED TO UPDATE', 0, 'NEED TO UPDATE', 0, 'NEED TO UPDATE', 0, 'NEED TO UPDATE'),
(58, 'AMG2306', 'GRAPHIC DESIGN I', 3, 2, 2, 0, 25, 0, 5, 30, 70, 'NEED TO CREATE', 'NEED TO CREATE', 'NEED TO CREATE', 0, 'NEED TO CREATE', 0, 'NEED TO CREATE', 0, 'NEED TO CREATE', 0, 'NEED TO CREATE', 0, 'NEED TO CREATE'),
(59, 'AMG2405', 'AUGMENTED & VIRTUAL REALITY', 3, 2, 2, 0, 25, 0, 5, 30, 70, 'Students will be able to develop interactive AR/VR applications using Unity and other development tools.\nStudents will be able to apply user experience design principles to create effective AR/VR applications.\nStudents will be able to use 3D modeling and animation techniques to create engaging AR/VR environments and characters.\nStudents will be able to develop multiplayer AR/VR applications and applications for mobile devices', 'To provide students with a comprehensive understanding of AR/VR technology and its applications in various industries.\nTo teach students how to use Unity and other AR/VR development tools to create interactive applications.\nTo develop students creative problem-solving, critical thinking, and teamwork skills through the design and execution of AR/VR projects.\nTo prepare students for careers in AR/VR development, game design, and related fields', 'Overview of AR/VR technology and its applications.\nIntroduction to Unity and other AR/VR development tools.\nBasic programming concepts for AR/VR. ', 10, 'AR/VR Design and Development\nUser experience design for AR/VR\nDeveloping interactive AR/VR applications\nIntroduction to 3D modeling and animation for AR/VR', 10, 'Advanced AR/VR Development\nAdvanced programming concepts for AR/VR\nDeveloping multiplayer AR/VR applications\nDeveloping AR/VR applications for mobile devices', 10, 'Final Project\nStudents will work in teams to develop a final AR/VR\nproject using the skills and techniques they\'ve learned throughout the course\nEmphasis on creative problem-solving, effective communication, and collaboration', 15, 'NA', 0, 'Books on Google Play\nVirtual and Augmented Reality (VR/AR): Foundations and Methods of Extended Realities (XR)'),
(60, 'AMG2406', 'MOTION GRAPHICS', 3, 2, 2, 0, 25, 10, 5, 30, 70, 'NEED TO CREATE', 'NEED TO CREATE', 'NEED TO CREATE', 0, 'NEED TO CREATE', 0, 'NEED TO CREATE', 0, 'NEED TO CREATE', 0, 'NEED TO CREATE', 0, 'NEED TO CREATE'),
(61, 'AMG2507', 'WEB & E-BUSINESS', 3, 2, 2, 0, 25, 0, 5, 30, 70, 'Understand the fundamentals of web development and design, including HTML, CSS, and JavaScript.\nDevelop front-end and back-end components of a gaming website or online platform.\nApply user experience design principles to create intuitive and engaging interfaces for gaming websites.\nImplement e-business strategies specific to the gaming industry, including monetization models and marketing techniques.', 'Gain a comprehensive understanding of web development technologies and their application in the gaming industry.\nDevelop practical skills in HTML, CSS, JavaScript, and other relevant web development languages and frameworks.\nApply user-centered design principles to create intuitive and visually appealing interfaces for gaming websites.\nExplore various e-business models and strategies specific to the gaming industry.', 'Module I: Introduction to Web & E-Business\nOverview of web technologies\nHTML basics and structure\nCSS fundamentals for web design\n', 12, 'Module II: Front-End Development\nIntroduction to JavaScript\nManipulating the Document Object Model (DOM)\nManipulating the Document Object Model (DOM)', 8, 'Module III: Back-End Development\nIntroduction to server-side programming\nIntroduction to databases and SQL\nIntegrating front-end and back-end technologies\nPrinciples of user-centered design\nWireframing and prototyping\nUsability testing and optimization\nIntroduction to e-business models', 15, 'Module IV: E-Commerce Platforms \nOverview of e-commerce platforms\nOverview of e-commerce platforms\nPayment gateways and security considerations\nBasics of SEO and its importance\nOn-page and off-page optimization for gaming websites\nSEO tools and analytics\nSocial media marketing for gaming', 10, 'NA', 0, '\"Web Design with HTML, CSS, JavaScript and jQuery Set\" by Jon Duckett\nThis book provides a comprehensive introduction to web design and development, covering HTML,\nCSS, JavaScript, and jQuery. It offers clear explanations and practical examples that can be applied\nto gaming websites.\n\"Don\'t Make Me Think, Revisited: A Common Sense Approach to Web Usability\" by Steve Krug\nThis book focuses on user experience design and usability principles. It provides valuable insights\ninto creating intuitive and user-friendly interfaces, which is crucial for designing engaging gaming\nwebsites.'),
(62, 'AMG2503', 'GAME SPECIAL EFFECTS', 3, 2, 2, 0, 25, 0, 5, 30, 70, 'Understand the importance and impact of special effects in video games.\nFamiliarity with industry-standard tools and software for creating game special effects.\nAbility to design and implement particle systems for various effects.\nProficiency in creating and manipulating shaders for visual effects', 'Understand the significance of special effects in video games.\nGain proficiency in industry-standard tools for game special effects.\nLearn to design and implement particle systems for various effects.\nDevelop skills in shader programming for creating visually appealing effects', 'Module I: Introduction to Game Special Effects\nOverview of special effects in video games\nImportance and impact of special effects on gameplay\nIntroduction to industry-standard tools and software', 12, 'Module II: Understanding Particle Systems\nBasics of particle systems\nCreating and manipulating particles\nParticle simulation and behavior', 8, 'Module III: Shader Fundamentals\nShader programming languages (e.g., HLSL, GLSL)\nImplementing basic shaders for visual effects\nShader-based effects such as distortion, refraction,and reflection\nCreating complex materials and textures\nProcedural shader generation\nImplementing depth of field, motion blur, and bloom effects', 15, 'Module IV: Post-Processing Effects\nIntroduction to post-processing and image effects\nColor grading and visual enhancement techniques\nDesigning effects for stylized games\nImplementing cel shading, toon effects, and other artistic styles\nTechniques for conveying emotions through effects\nScripting and integration techniques\nPerformance optimization for real-time effects', 10, 'NA', 0, '\"Real-Time Rendering\" by Tomas Akenine-Möller, Eric Haines, and Naty Hoffman\n\"GPU Gems\" series by various authors\n\"Game Engine Architecture\" by Jason Gregory\n\"Unity in Action: Multiplatform Game Development in C#\" by Joe Hocking'),
(63, 'AMG2501', 'GAMING ANIMATION', 3, 2, 2, 0, 25, 0, 5, 30, 70, 'NEED TO CREATE', 'NEED TO CREATE', 'NEED TO CREATE', 0, 'NEED TO CREATE', 0, 'NEED TO CREATE', 0, 'NEED TO CREATE', 0, 'NA', 0, 'NEED TO CREATE'),
(64, 'AMG2502', 'GAME ASSET CREATION', 3, 2, 2, 0, 25, 0, 5, 30, 70, 'NEED TO CREATE', 'NEED TO CREATE', 'NEED TO CREATE', 0, 'NEED TO CREATE', 0, 'NEED TO CREATE', 0, 'NEED TO CREATE', 0, 'NA', 0, 'NEED TO CREATE'),
(65, 'LAN2151', 'FRENCH- I', 3, 3, 0, 0, 15, 30, 5, 50, 50, 'After the completion of this course Students will be able to\r\nto greet someone in French\r\nto present and describe oneself and people\r\nto enter in contact, and begin a conversation\r\nto talk about one’s family, tastes and preferences', 'To familiarize students with the French language, with its phonetic system and\r\nits accents. To enable students\r\nto greet someone in French\r\nto present and describe oneself and people\r\nto enter in contact, and begin a conversation\r\nto talk about one’s family, tastes and preferences', 'NEED TO UPDATE', 0, 'NEED TO UPDATE', 0, 'NEED TO UPDATE', 0, 'NEED TO UPDATE', 0, '0', 0, 'NEED TO UPDATE'),
(66, 'LAN2152', 'GERMAN-I', 3, 3, 0, 0, 0, 0, 0, 0, 0, 'NEED TO UPDATE', 'NEED TO UPDATE', 'NEED TO UPDATE', 0, 'NEED TO UPDATE', 0, 'NEED TO UPDATE', 0, 'NEED TO UPDATE', 0, 'NEED TO UPDATE', 0, 'NEED TO UPDATE'),
(67, 'LAN2153', 'SPANISH-I', 3, 3, 0, 0, 0, 0, 0, 0, 0, 'NEED TO UPDATE', 'NEED TO UPDATE', 'NEED TO UPDATE', 0, 'NEED TO UPDATE', 0, 'NEED TO UPDATE', 0, 'NEED TO UPDATE', 0, 'NEED TO UPDATE', 0, 'NEED TO UPDATE'),
(68, 'ENV2151', 'ENVIRONMENTAL STUDIES – 1', 2, 2, 0, 0, 0, 0, 0, 0, 0, 'NEED TO UPDATE', 'NEED TO UPDATE', 'NEED TO UPDATE', 0, 'NEED TO UPDATE', 0, 'NEED TO UPDATE', 0, 'NEED TO UPDATE', 0, 'NEED TO UPDATE', 0, 'NEED TO UPDATE'),
(69, 'CSS2151', 'EFFECTIVE LISTENING 1', 1, 1, 0, 0, 0, 0, 0, 0, 0, 'NEED TO UPDATE', 'NEED TO UPDATE', 'NEED TO UPDATE', 0, 'NEED TO UPDATE', 0, 'NEED TO UPDATE', 0, 'NEED TO UPDATE', 0, 'NEED TO UPDATE', 0, 'NEED TO UPDATE'),
(70, 'BEH2151', 'UNDERSTANDING SELF FOR EFFECTIVENESS', 1, 1, 0, 0, 0, 0, 0, 0, 0, 'NEED TO UPDATE', 'NEED TO UPDATE', 'NEED TO UPDATE', 0, 'NEED TO UPDATE', 0, 'NEED TO UPDATE', 0, 'NEED TO UPDATE', 0, 'NEED TO UPDATE', 0, 'NEED TO UPDATE'),
(71, 'ANI2151', 'BASICS OF ANIMATION SKETCHING', 3, 2, 2, 0, 0, 0, 0, 0, 0, 'NEED TO UPDATE', 'NEED TO UPDATE', 'NEED TO UPDATE', 0, 'NEED TO UPDATE', 0, 'NEED TO UPDATE', 0, 'NEED TO UPDATE', 0, 'NEED TO UPDATE', 0, 'NEED TO UPDATE'),
(72, 'ANI2108', 'WORKSHOP / CERTIFICATION (DISCIPLINE SPECIFIC) (1 CREDIT PER WORKSHOP)', 1, 0, 0, 0, 0, 0, 0, 0, 0, 'NEED TO UPDATE', 'NEED TO UPDATE', 'NEED TO UPDATE', 0, 'NEED TO UPDATE', 0, 'NEED TO UPDATE', 0, 'NEED TO UPDATE', 0, 'NEED TO UPDATE', 0, 'NEED TO UPDATE'),
(73, 'ANI2208', 'WORKSHOP / CERTIFICATION (DISCIPLINE SPECIFIC) (1 CREDIT PER WORKSHOP)', 1, 0, 0, 0, 0, 0, 0, 0, 0, 'NEED TO UPDATE', 'NEED TO UPDATE', 'NEED TO UPDATE', 0, 'NEED TO UPDATE', 0, 'NEED TO UPDATE', 0, 'NEED TO UPDATE', 0, 'NEED TO UPDATE', 0, 'NEED TO UPDATE'),
(74, 'LAN2251', 'FRENCH - II', 3, 3, 0, 0, 0, 0, 0, 0, 0, 'NEED TO UPDATE', 'NEED TO UPDATE', 'NEED TO UPDATE', 0, 'NEED TO UPDATE', 0, 'NEED TO UPDATE', 0, 'NEED TO UPDATE', 0, 'NEED TO UPDATE', 0, 'NEED TO UPDATE'),
(75, 'LAN2252', 'GERMAN - II', 3, 3, 0, 0, 0, 0, 0, 0, 0, 'NEED TO UPDATE', 'NEED TO UPDATE', 'NEED TO UPDATE', 0, 'NEED TO UPDATE', 0, 'NEED TO UPDATE', 0, 'NEED TO UPDATE', 0, 'NEED TO UPDATE', 0, 'NEED TO UPDATE'),
(76, 'LAN2253', 'SPANISH - II', 3, 3, 0, 0, 0, 0, 0, 0, 0, 'NEED TO UPDATE', 'NEED TO UPDATE', 'NEED TO UPDATE', 0, 'NEED TO UPDATE', 0, 'NEED TO UPDATE', 0, 'NEED TO UPDATE', 0, 'NEED TO UPDATE', 0, 'NEED TO UPDATE'),
(77, 'CSS2251', 'PRESENTATION SKILLS', 1, 1, 0, 0, 0, 0, 0, 0, 0, 'NEED TO UPDATE', 'NEED TO UPDATE', 'NEED TO UPDATE', 0, 'NEED TO UPDATE', 0, 'NEED TO UPDATE', 0, 'NEED TO UPDATE', 0, 'NEED TO UPDATE', 0, 'NEED TO UPDATE'),
(78, 'ENV2251', 'ENVIRONMENTAL STUDIES - II', 2, 2, 0, 0, 0, 0, 0, 0, 0, 'NEED TO UPDATE', 'NEED TO UPDATE', 'NEED TO UPDATE', 0, 'NEED TO UPDATE', 0, 'NEED TO UPDATE', 0, 'NEED TO UPDATE', 0, 'NEED TO UPDATE', 0, 'NEED TO UPDATE'),
(79, 'BEH2251', 'PROBLEM SOLVING AND CREATIVE THINKING', 1, 1, 0, 0, 0, 0, 0, 0, 0, 'NEED TO UPDATE', 'NEED TO UPDATE', 'NEED TO UPDATE', 0, 'NEED TO UPDATE', 0, 'NEED TO UPDATE', 0, 'NEED TO UPDATE', 0, 'NEED TO UPDATE', 0, 'NEED TO UPDATE'),
(80, 'ANI2251', 'INTRODUCTION TO DIGITAL MULTIMEDIA ( ILLUSTRATOR AND PHOTOSHOP)', 3, 2, 2, 0, 0, 0, 0, 0, 0, 'NEED TO UPDATE', 'NEED TO UPDATE', 'NEED TO UPDATE', 0, 'NEED TO UPDATE', 0, 'NEED TO UPDATE', 0, 'NEED TO UPDATE', 0, 'NEED TO UPDATE', 0, 'NEED TO UPDATE'),
(81, 'ANI2308', 'WORKSHOP / CERTIFICATION (DISCIPLINE SPECIFIC) (1 CREDIT PER WORKSHOP)', 1, 0, 0, 0, 0, 0, 0, 0, 0, 'NEED TO UPDATE', 'NEED TO UPDATE', 'NEED TO UPDATE', 0, 'NEED TO UPDATE', 0, 'NEED TO UPDATE', 0, 'NEED TO UPDATE', 0, 'NEED TO UPDATE', 0, 'NEED TO UPDATE'),
(82, 'LAN2351', 'FRENCH - III', 2, 2, 0, 0, 0, 0, 0, 0, 0, 'NEED TO UPDATE', 'NEED TO UPDATE', 'NEED TO UPDATE', 1, 'NEED TO UPDATE', 1, 'NEED TO UPDATE', 1, 'NEED TO UPDATE', 1, 'NEED TO UPDATE', 1, 'NEED TO UPDATE'),
(83, 'LAN2352', 'GERMAN - III', 2, 2, 0, 0, 0, 0, 0, 0, 0, 'NEED TO UPDATE', 'NEED TO UPDATE', 'NEED TO UPDATE', 2, 'NEED TO UPDATE', 2, 'NEED TO UPDATE', 2, 'NEED TO UPDATE', 2, 'NEED TO UPDATE', 2, 'NEED TO UPDATE'),
(84, 'LAN2353', 'SPANISH - III', 2, 2, 0, 0, 0, 0, 0, 0, 0, 'NEED TO UPDATE', 'NEED TO UPDATE', 'NEED TO UPDATE', 3, 'NEED TO UPDATE', 3, 'NEED TO UPDATE', 3, 'NEED TO UPDATE', 3, 'NEED TO UPDATE', 3, 'NEED TO UPDATE'),
(85, 'CSS2351', 'READING & COMPREHENSION', 1, 1, 0, 0, 0, 0, 0, 0, 0, 'NEED TO UPDATE', 'NEED TO UPDATE', 'NEED TO UPDATE', 4, 'NEED TO UPDATE', 4, 'NEED TO UPDATE', 4, 'NEED TO UPDATE', 4, 'NEED TO UPDATE', 4, 'NEED TO UPDATE'),
(86, 'BEH2351', 'GROUP DYNAMICS AND TEAM BUILDING', 1, 1, 0, 0, 0, 0, 0, 0, 0, 'NEED TO UPDATE', 'NEED TO UPDATE', 'NEED TO UPDATE', 5, 'NEED TO UPDATE', 5, 'NEED TO UPDATE', 5, 'NEED TO UPDATE', 5, 'NEED TO UPDATE', 5, 'NEED TO UPDATE'),
(87, 'ANI2351', 'INTRODUCTION TO 2D ANIMATION.', 3, 2, 2, 0, 0, 0, 0, 0, 0, 'NEED TO UPDATE', 'NEED TO UPDATE', 'NEED TO UPDATE', 6, 'NEED TO UPDATE', 6, 'NEED TO UPDATE', 6, 'NEED TO UPDATE', 6, 'NEED TO UPDATE', 6, 'NEED TO UPDATE'),
(88, 'ANI2408', 'WORKSHOP / CERTIFICATION (DISCIPLINE SPECIFIC) (1 CREDIT PER WORKSHOP)', 1, 0, 0, 0, 0, 0, 0, 0, 0, 'NEED TO UPDATE', 'NEED TO UPDATE', 'NEED TO UPDATE', 7, 'NEED TO UPDATE', 7, 'NEED TO UPDATE', 7, 'NEED TO UPDATE', 7, 'NEED TO UPDATE', 7, 'NEED TO UPDATE'),
(89, 'LAN2451', 'FRENCH - IV', 2, 2, 0, 0, 0, 0, 0, 0, 0, 'NEED TO UPDATE', 'NEED TO UPDATE', 'NEED TO UPDATE', 8, 'NEED TO UPDATE', 8, 'NEED TO UPDATE', 8, 'NEED TO UPDATE', 8, 'NEED TO UPDATE', 8, 'NEED TO UPDATE'),
(90, 'LAN2452', 'GERMAN - IV', 2, 2, 0, 0, 0, 0, 0, 0, 0, 'NEED TO UPDATE', 'NEED TO UPDATE', 'NEED TO UPDATE', 9, 'NEED TO UPDATE', 9, 'NEED TO UPDATE', 9, 'NEED TO UPDATE', 9, 'NEED TO UPDATE', 9, 'NEED TO UPDATE'),
(91, 'LAN2453', 'SPANISH - IV', 2, 2, 0, 0, 0, 0, 0, 0, 0, 'NEED TO UPDATE', 'NEED TO UPDATE', 'NEED TO UPDATE', 10, 'NEED TO UPDATE', 10, 'NEED TO UPDATE', 10, 'NEED TO UPDATE', 10, 'NEED TO UPDATE', 10, 'NEED TO UPDATE'),
(92, 'CSS2551', 'CORPORATE COMMUNICATION', 1, 1, 0, 0, 0, 0, 0, 0, 0, 'NEED TO UPDATE', 'NEED TO UPDATE', 'NEED TO UPDATE', 11, 'NEED TO UPDATE', 11, 'NEED TO UPDATE', 11, 'NEED TO UPDATE', 11, 'NEED TO UPDATE', 11, 'NEED TO UPDATE'),
(93, 'BEH2551', 'STRESS AND COPING STRATEGIES', 1, 1, 0, 0, 0, 0, 0, 0, 0, 'NEED TO UPDATE', 'NEED TO UPDATE', 'NEED TO UPDATE', 12, 'NEED TO UPDATE', 12, 'NEED TO UPDATE', 12, 'NEED TO UPDATE', 12, 'NEED TO UPDATE', 12, 'NEED TO UPDATE'),
(94, 'ANI2451', 'INTRODUCTION TO 3D', 3, 2, 2, 0, 0, 0, 0, 0, 0, 'NEED TO UPDATE', 'NEED TO UPDATE', 'NEED TO UPDATE', 13, 'NEED TO UPDATE', 13, 'NEED TO UPDATE', 13, 'NEED TO UPDATE', 13, 'NEED TO UPDATE', 13, 'NEED TO UPDATE'),
(95, 'ANI2508', 'WORKSHOP / CERTIFICATION (DISCIPLINE SPECIFIC) (1 CREDIT PER WORKSHOP)', 1, 0, 0, 0, 0, 0, 0, 0, 0, 'NEED TO UPDATE', 'NEED TO UPDATE', 'NEED TO UPDATE', 14, 'NEED TO UPDATE', 14, 'NEED TO UPDATE', 14, 'NEED TO UPDATE', 14, 'NEED TO UPDATE', 14, 'NEED TO UPDATE'),
(96, 'LAN2551', 'FRENCH - V', 2, 2, 0, 0, 0, 0, 0, 0, 0, 'NEED TO UPDATE', 'NEED TO UPDATE', 'NEED TO UPDATE', 15, 'NEED TO UPDATE', 15, 'NEED TO UPDATE', 15, 'NEED TO UPDATE', 15, 'NEED TO UPDATE', 15, 'NEED TO UPDATE'),
(97, 'LAN2552', 'GERMAN - V', 2, 2, 0, 0, 0, 0, 0, 0, 0, 'NEED TO UPDATE', 'NEED TO UPDATE', 'NEED TO UPDATE', 16, 'NEED TO UPDATE', 16, 'NEED TO UPDATE', 16, 'NEED TO UPDATE', 16, 'NEED TO UPDATE', 16, 'NEED TO UPDATE'),
(98, 'LAN2553', 'SPANISH - V', 2, 2, 0, 0, 0, 0, 0, 0, 0, 'NEED TO UPDATE', 'NEED TO UPDATE', 'NEED TO UPDATE', 17, 'NEED TO UPDATE', 17, 'NEED TO UPDATE', 17, 'NEED TO UPDATE', 17, 'NEED TO UPDATE', 17, 'NEED TO UPDATE'),
(99, 'CSS2551', 'EMPLOYABILITY SKILLS', 1, 1, 0, 0, 0, 0, 0, 0, 0, 'NEED TO UPDATE', 'NEED TO UPDATE', 'NEED TO UPDATE', 18, 'NEED TO UPDATE', 18, 'NEED TO UPDATE', 18, 'NEED TO UPDATE', 18, 'NEED TO UPDATE', 18, 'NEED TO UPDATE'),
(100, 'BEH2551', 'INDIVIDUAL ,SOCIETY AND NATIONS', 1, 1, 0, 0, 0, 0, 0, 0, 0, 'NEED TO UPDATE', 'NEED TO UPDATE', 'NEED TO UPDATE', 19, 'NEED TO UPDATE', 19, 'NEED TO UPDATE', 19, 'NEED TO UPDATE', 19, 'NEED TO UPDATE', 19, 'NEED TO UPDATE'),
(101, 'ANI2551', 'DIGITAL VIDEO EDITING', 3, 2, 2, 0, 0, 0, 0, 0, 0, 'NEED TO UPDATE', 'NEED TO UPDATE', 'NEED TO UPDATE', 20, 'NEED TO UPDATE', 20, 'NEED TO UPDATE', 20, 'NEED TO UPDATE', 20, 'NEED TO UPDATE', 20, 'NEED TO UPDATE'),
(102, 'CSS2651', 'WORKPLACE COMMUNICATION', 1, 1, 0, 0, 0, 0, 0, 0, 0, 'NEED TO UPDATE', 'NEED TO UPDATE', 'NEED TO UPDATE', 21, 'NEED TO UPDATE', 21, 'NEED TO UPDATE', 21, 'NEED TO UPDATE', 21, 'NEED TO UPDATE', 21, 'NEED TO UPDATE'),
(103, 'BEH2651', 'INTERPERSONAL COMMUNICATION AND RELATIONSHIP MANAGEMENT', 1, 1, 0, 0, 0, 0, 0, 0, 0, 'NEED TO UPDATE', 'NEED TO UPDATE', 'NEED TO UPDATE', 22, 'NEED TO UPDATE', 22, 'NEED TO UPDATE', 22, 'NEED TO UPDATE', 22, 'NEED TO UPDATE', 22, 'NEED TO UPDATE'),
(104, 'ANI2651', 'PROJECT', 3, 0, 0, 0, 0, 0, 0, 0, 0, 'NEED TO UPDATE', 'NEED TO UPDATE', 'NEED TO UPDATE', 23, 'NEED TO UPDATE', 23, 'NEED TO UPDATE', 23, 'NEED TO UPDATE', 23, 'NEED TO UPDATE', 23, 'NEED TO UPDATE'),
(105, 'ANI2302', 'CREATING ANIMATION II', 3, 2, 2, 0, 0, 0, 0, 0, 0, 'NEED  TO UPDATE', 'NEED  TO UPDATE', 'NEED  TO UPDATE', 0, 'NEED  TO UPDATE', 0, 'NEED  TO UPDATE', 0, 'NEED  TO UPDATE', 0, 'NEED  TO UPDATE', 0, 'NEED  TO UPDATE'),
(106, 'AMG2109', 'STUDY ABROAD (12 DAYS)', 3, 0, 0, 0, 0, 0, 0, 0, 0, 'NEED TO UPDATE', 'NEED TO UPDATE', 'NEED TO UPDATE', 0, 'NEED TO UPDATE', 0, 'NEED TO UPDATE', 0, 'NEED TO UPDATE', 0, 'NEED TO UPDATE', 0, 'NEED TO UPDATE'),
(107, 'AMG2209', 'STUDY ABROAD (12 DAYS)', 3, 0, 0, 0, 0, 0, 0, 0, 0, 'NEED TO UPDATE', 'NEED TO UPDATE', 'NEED TO UPDATE', 0, 'NEED TO UPDATE', 0, 'NEED TO UPDATE', 0, 'NEED TO UPDATE', 0, 'NEED TO UPDATE', 0, 'NEED TO UPDATE'),
(108, 'AMG2309', 'STUDY ABROAD (12 DAYS)', 3, 0, 0, 0, 0, 0, 0, 0, 0, 'NEED TO UPDATE', 'NEED TO UPDATE', 'NEED TO UPDATE', 0, 'NEED TO UPDATE', 0, 'NEED TO UPDATE', 0, 'NEED TO UPDATE', 0, 'NEED TO UPDATE', 0, 'NEED TO UPDATE'),
(109, 'AMG2409', 'STUDY ABROAD (12 DAYS)', 3, 0, 0, 0, 0, 0, 0, 0, 0, 'NEED TO UPDATE', 'NEED TO UPDATE', 'NEED TO UPDATE', 0, 'NEED TO UPDATE', 0, 'NEED TO UPDATE', 0, 'NEED TO UPDATE', 0, 'NEED TO UPDATE', 0, 'NEED TO UPDATE'),
(110, 'AMG2509', 'PROJECT (WITH PRESENTATION & EVALUATION)', 3, 0, 0, 0, 0, 0, 0, 0, 0, 'NEED TO UPDATE', 'NEED TO UPDATE', 'NEED TO UPDATE', 0, 'NEED TO UPDATE', 0, 'NEED TO UPDATE', 0, 'NEED TO UPDATE', 0, 'NEED TO UPDATE', 0, 'NEED TO UPDATE'),
(111, 'AMG2510', 'STUDY ABROAD (12 DAYS)', 3, 0, 0, 0, 0, 0, 0, 0, 0, 'NEED TO UPDATE', 'NEED TO UPDATE', 'NEED TO UPDATE', 0, 'NEED TO UPDATE', 0, 'NEED TO UPDATE', 0, 'NEED TO UPDATE', 0, 'NEED TO UPDATE', 0, 'NEED TO UPDATE'),
(112, 'AMG2601', 'PROFESSIONAL PROJECT:- SPECIALIZATION: (ANY ONE) INFORGRAPHICS ACTION-ADVENTURE GAME PUZZLE GAME MOBILE GAME', 9, 0, 0, 0, 0, 0, 0, 0, 0, 'NEED TO UPLOAD', 'NEED TO UPLOAD', 'NEED TO UPLOAD', 0, 'NEED TO UPLOAD', 0, 'NEED TO UPLOAD', 0, 'NEED TO UPLOAD', 0, 'NEED TO UPLOAD', 0, 'NEED TO UPLOAD');

-- --------------------------------------------------------

--
-- Table structure for table `course_modules`
--

CREATE TABLE `course_modules` (
  `COURSE_MODULE_ID` int(10) NOT NULL,
  `MODULE_1` varchar(1000) NOT NULL,
  `MODULE_1_HOURS` int(10) NOT NULL,
  `MODULE_2` varchar(1000) NOT NULL,
  `MODULE_2_HOURS` int(10) NOT NULL,
  `MODULE_3` varchar(1000) NOT NULL,
  `MODULE_3_HOURS` int(10) NOT NULL,
  `MODULE_4` varchar(1000) NOT NULL,
  `MODULE_4_HOURS` int(10) NOT NULL,
  `MODULE_5` varchar(1000) NOT NULL,
  `MODULE_5_HOURS` int(10) NOT NULL,
  `REFERENCE` varchar(1000) NOT NULL
) ENGINE=InnoDB DEFAULT CHARSET=utf8mb4;

--
-- Dumping data for table `course_modules`
--

INSERT INTO `course_modules` (`COURSE_MODULE_ID`, `MODULE_1`, `MODULE_1_HOURS`, `MODULE_2`, `MODULE_2_HOURS`, `MODULE_3`, `MODULE_3_HOURS`, `MODULE_4`, `MODULE_4_HOURS`, `MODULE_5`, `MODULE_5_HOURS`, `REFERENCE`) VALUES
(1, 'Introduction of Basics of Sketching & Drawing\r\n1.1\r\nEvolution of Basics of Sketching & Drawing\r\n• Role and importance of sketching in\r\ncreative field.\r\n• Sketching types and styles.\r\n• Uses of different type of rendering.\r\n• Basic drawing tools include pencils,\r\ncharcoal, pens, markers, and erasers.\r\n• Understanding basic shapes such as\r\ncircles, squares, and triangles helps in\r\nconstructing objects and figures\r\naccurately.\r\n1.2\r\nDrawing is a more refined technique that involves\r\nadding details, shading, and texture to create a\r\nrealistic or stylized representation.\r\n1.3\r\nPractice is essential to improve drawing skills.\r\nRegularly sketching from life or reference photos\r\nhelps develop hand-eye coordination and visual\r\ninterpretation.', 12, 'The sketching room Set-up\r\n\r\n2.1\r\nSet up of sketching room for practice of sketches\r\n(Actions and gestures of human figures, 3 D\r\nShapes with shade light study and practice)\r\n2.2 Outdoor sketching (practice session).\r\n\r\n2.3\r\nCreating different type of backgrounds.', 8, 'Assignment creation as per syllabus\r\nSketching involves creating rough, loose, and quick\r\ndrawings to capture the basic shapes and proportions\r\nof a subject.\r\n3.2 Types of Assignments with different medium.\r\n3.3 Types of perspective and its use in story board.\r\n3.4\r\nTechniques such as hatching, cross-hatching,\r\nstippling, and blending can be used for shading and\r\nadding depth to drawings.\r\n3.5\r\nTo create different type of subjective assignments\r\nwith proper execution.\r\n3.6 Studying the work of other artists and attending \r\ndrawing classes or workshops can provide\r\ninspiration and guidance.\r\n3.7 Class test with submission / Assignments.', 15, 'Advance and important in subject\r\n4.1 Execution of assignment work with\r\na) Sketching, Rendering, styles & techniques\r\nb) Figures and Characters creation\r\nc) Background with Perspectives\r\nd) Use of different Mediums\r\n4.2 Study of Graphic style, Cartoon creation.\r\n4.3 Outdoor Sketching session with different mediums.\r\n4.4 Role of visualization, execution, and presentation.\r\n4.5 Assignments creation with proper study of rendering,\r\ntechniques, styles\r\n4.6 Understanding the shade and light.\r\n4.7 Creating Story board frames and Visuals.', 10, 'NA', 0, 'Drawing the Heads & Hands & Figure Drawing for all its worth by Andrew Loomis\r\n• Perspective made easy by Ernest R. Norling\r\n• Drawing for the absolute beginner by Mark Willenbrink and Merry Willenbrink'),
(2, 'Module I: Introduction to Typography and Animation\r\n1.1 Overview of typography in animation\r\n1.2\r\nUnderstanding the relationship between typography\r\nand motion\r\n1.3\r\nHistorical context and evolution of typographic\r\nstyles in animation\r\n', 12, 'Module II: Typography Fundamentals\r\n2.1 Introduction to typography terminology and anatomy\r\n2.2 Typography classifications and their relevance in\r\nanimation\r\n\r\n2.3\r\nPrinciples of legibility and readability', 8, 'Module III: Typographic Design Principles\r\n3.1\r\nVisual hierarchy and typographic composition\r\n3.2 Selecting appropriate typefaces for animation\r\n3.3 Color theory and its impact on typographic design\r\n3.4 Exploring timing and spacing for animated text\r\n3.5 Emphasizing meaning through typographic motion\r\n3.6\r\nUsing typographic elements to convey emotions and\r\npersonality\r\n3.7 Experimental approaches to typographic animation', 15, 'Module IV: Typography in Character Animation\r\n4.1 Typography in Character Animation\r\n4.2 Typography as a form of character expression\r\n4.3 Lip-syncing and syncing text with character\r\nmovements\r\n4.4 Creating dynamic and informative animated text\r\n4.5 Creating dynamic and informative animated text\r\n4.6 Constructive critique and feedback sessions\r\n4.7 Final portfolio presentation and discussion', 10, 'NA', 0, '1.\"Thinking with Type: A Critical Guide for Designers, Writers, Editors, & Students\" by Ellen Lupton\r\n2.\"The Elements of Typographic Style\" by Robert Bringhurst.'),
(3, 'Module I: Introduction to Typography and Animation\r\n1.1 Overview of typography in animation\r\n1.2\r\nUnderstanding the relationship between typography\r\nand motion\r\n1.3\r\nHistorical context and evolution of typographic\r\nstyles in animation\r\n', 12, 'Module II: Typography Fundamentals\r\n2.1 Introduction to typography terminology and anatomy\r\n2.2 Typography classifications and their relevance in\r\nanimation\r\n\r\n2.3\r\nPrinciples of legibility and readability', 8, 'Module III: Typographic Design Principles\r\n3.1\r\nVisual hierarchy and typographic composition\r\n3.2 Selecting appropriate typefaces for animation\r\n3.3 Color theory and its impact on typographic design\r\n3.4 Exploring timing and spacing for animated text\r\n3.5 Emphasizing meaning through typographic motion\r\n3.6\r\nUsing typographic elements to convey emotions and\r\npersonality\r\n3.7 Experimental approaches to typographic animation', 15, 'Module IV: Typography in Character Animation\r\n4.1 Typography in Character Animation\r\n4.2 Typography as a form of character expression\r\n4.3 Lip-syncing and syncing text with character\r\nmovements\r\n4.4 Creating dynamic and informative animated text\r\n4.5 Creating dynamic and informative animated text\r\n4.6 Constructive critique and feedback sessions\r\n4.7 Final portfolio presentation and discussion', 10, 'NA', 0, '1.\"Thinking with Type: A Critical Guide for Designers, Writers, Editors, & Students\" by Ellen Lupton\r\n2.\"The Elements of Typographic Style\" by Robert Bringhurst.'),
(4, '0', 0, '0', 0, '0', 0, '0', 0, '0', 0, '0'),
(5, 'Module I: Introduction to Typography and Animation\r\n1.1 Overview of typography in animation\r\n1.2\r\nUnderstanding the relationship between typography\r\nand motion\r\n1.3\r\nHistorical context and evolution of typographic\r\nstyles in animation', 12, 'Module II: Typography Fundamentals\r\n2.1 Introduction to typography terminology and anatomy\r\n2.2 Typography classifications and their relevance in\r\nanimation\r\n\r\n2.3\r\nPrinciples of legibility and readability', 8, 'Module III: Typographic Design Principles\r\n3.1\r\nVisual hierarchy and typographic composition\r\n3.2 Selecting appropriate typefaces for animation\r\n3.3 Color theory and its impact on typographic design\r\n3.4 Exploring timing and spacing for animated text\r\n3.5 Emphasizing meaning through typographic motion\r\n3.6\r\nUsing typographic elements to convey emotions and\r\npersonality\r\n3.7 Experimental approaches to typographic animation', 15, 'Module IV: Typography in Character Animation\r\n4.1 Typography in Character Animation\r\n4.2 Typography as a form of character expression\r\n4.3 Lip-syncing and syncing text with character\r\nmovements\r\n4.4 Creating dynamic and informative animated text\r\n4.5 Creating dynamic and informative animated text\r\n4.6 Constructive critique and feedback sessions\r\n4.7 Final portfolio presentation and discussion', 10, 'NA', 0, '1.\"Thinking with Type: A Critical Guide for Designers, Writers, Editors, & Students\" by Ellen Lupton\r\n2.\"The Elements of Typographic Style\" by Robert Bringhurst');

-- --------------------------------------------------------

--
-- Table structure for table `faculty_allotment`
--

CREATE TABLE `faculty_allotment` (
  `F_ALLOTMENT_ID` int(10) NOT NULL,
  `USER_ID` int(10) NOT NULL,
  `CONFIG_ID` int(10) NOT NULL
) ENGINE=InnoDB DEFAULT CHARSET=utf8mb4;

--
-- Dumping data for table `faculty_allotment`
--

INSERT INTO `faculty_allotment` (`F_ALLOTMENT_ID`, `USER_ID`, `CONFIG_ID`) VALUES
(1, 12, 3),
(2, 6, 4),
(3, 3, 5),
(4, 12, 6),
(5, 3, 7),
(6, 3, 8),
(7, 3, 9),
(8, 9, 37),
(9, 4, 38),
(10, 4, 23),
(11, 3, 5),
(12, 12, 6),
(13, 3, 7),
(14, 12, 3),
(15, 9, 37),
(16, 9, 54),
(17, 12, 57),
(18, 12, 55),
(19, 12, 56),
(20, 12, 58),
(21, 4, 23),
(22, 4, 59),
(23, 4, 38),
(24, 4, 60),
(25, 4, 16),
(26, 4, 16),
(27, 4, 47),
(28, 4, 45),
(29, 4, 41),
(30, 4, 50);

-- --------------------------------------------------------

--
-- Table structure for table `institute_details`
--

CREATE TABLE `institute_details` (
  `INSTITUTE_ID` int(10) NOT NULL,
  `INSTITUTE_NAME` varchar(200) NOT NULL
) ENGINE=InnoDB DEFAULT CHARSET=utf8mb4;

--
-- Dumping data for table `institute_details`
--

INSERT INTO `institute_details` (`INSTITUTE_ID`, `INSTITUTE_NAME`) VALUES
(1, 'AMITY SCHOOL OF COMMUNICATION (ASCO)'),
(2, 'AMITY FILM SCHOOL (AFS)');

-- --------------------------------------------------------

--
-- Table structure for table `program_details`
--

CREATE TABLE `program_details` (
  `PROGRAM_ID` int(10) NOT NULL,
  `PROGRAM_NAME` varchar(500) NOT NULL
) ENGINE=InnoDB DEFAULT CHARSET=utf8mb4;

--
-- Dumping data for table `program_details`
--

INSERT INTO `program_details` (`PROGRAM_ID`, `PROGRAM_NAME`) VALUES
(1, 'B.Sc (Animation & VFX)'),
(2, 'B.A (Multimedia & Gaming)'),
(3, 'B.A (J&MC)\r\n'),
(4, 'M.A (J&MC)\r\n'),
(5, 'M.A (A&PR)\r\n'),
(6, 'M.A (F&TV)\r\n');

-- --------------------------------------------------------

--
-- Table structure for table `user_details`
--

CREATE TABLE `user_details` (
  `USER_ID` int(10) NOT NULL,
  `USER_NAME` varchar(100) NOT NULL,
  `PASSWORD` varchar(50) NOT NULL,
  `USER_TYPE` varchar(30) NOT NULL,
  `EMPLOYEE_CODE` varchar(20) NOT NULL,
  `USER_ROLE` varchar(30) NOT NULL,
  `EMAIL_ID` varchar(25) NOT NULL
) ENGINE=InnoDB DEFAULT CHARSET=utf8mb4;

--
-- Dumping data for table `user_details`
--

INSERT INTO `user_details` (`USER_ID`, `USER_NAME`, `PASSWORD`, `USER_TYPE`, `EMPLOYEE_CODE`, `USER_ROLE`, `EMAIL_ID`) VALUES
(1, 'Mr Abhishek Choudhary', '25811', 'FACULTY', '25811', 'STAFF', 'achoudhary@mum.amity.edu'),
(2, 'Dr Gallipally Srisailam', '309385', 'FACULTY', '309385', 'STAFF', 'gsrisailam@mum.amity.edu'),
(3, 'Mr Krishna Rodge', '309588', 'FACULTY', '309588', 'STAFF', 'krodge@mum.amity.edu'),
(4, 'Mr Mahendra Kumar Srinivas Gubbala', '311966', 'FACULTY', '311966', 'STAFF', 'mkgubbala@mum.amity.edu'),
(5, 'Mr Mahesh Balawantrao Ahire', '25220', 'FACULTY', '25220', 'STAFF', 'mbahire@mum.amity.edu'),
(6, 'Mr Milind Bhimao Shirsat', '309386', 'FACULTY', '309386', 'STAFF', 'mbshirsat@mum.amity.edu'),
(7, 'Mr Milind Mahale', '305509', 'FACULTY', '305509', 'STAFF', 'Mmahale@mum.amity.edu'),
(8, 'Ms Nidhi Wairagade', '305270', 'FACULTY', '305270', 'STAFF', 'nwairagade@mum.amity.edu'),
(9, 'Dr Nima Jerrit John', '303559', 'FACULTY', '303559', 'STAFF', 'njjohn@mum.amity.edu'),
(10, 'Ms Sindhu Madala', '308367', 'FACULTY', '308367', 'STAFF', 'smadala@mum.amity.edu'),
(11, 'Mr Vijay sopan Dhavale', '304141', 'FACULTY', '304141', 'STAFF', 'vsdhavale@mum.amity.edu'),
(12, 'Mr James Kannanthara', '312524', 'FACULTY', '312524', 'STAFF', 'jkannanthara@mum.amity.ed'),
(13, 'Mr. Chandrakant Kamble', '312550', 'FACULTY', '312550', 'STAFF', 'ckamble@mum.amity.edu');

--
-- Indexes for dumped tables
--

--
-- Indexes for table `course_configuration`
--
ALTER TABLE `course_configuration`
  ADD PRIMARY KEY (`CONFIG_ID`);

--
-- Indexes for table `course_details`
--
ALTER TABLE `course_details`
  ADD PRIMARY KEY (`COURSE_DETAILS_ID`);

--
-- Indexes for table `course_modules`
--
ALTER TABLE `course_modules`
  ADD PRIMARY KEY (`COURSE_MODULE_ID`);

--
-- Indexes for table `faculty_allotment`
--
ALTER TABLE `faculty_allotment`
  ADD PRIMARY KEY (`F_ALLOTMENT_ID`);

--
-- Indexes for table `institute_details`
--
ALTER TABLE `institute_details`
  ADD PRIMARY KEY (`INSTITUTE_ID`);

--
-- Indexes for table `program_details`
--
ALTER TABLE `program_details`
  ADD PRIMARY KEY (`PROGRAM_ID`);

--
-- Indexes for table `user_details`
--
ALTER TABLE `user_details`
  ADD PRIMARY KEY (`USER_ID`);

--
-- AUTO_INCREMENT for dumped tables
--

--
-- AUTO_INCREMENT for table `course_configuration`
--
ALTER TABLE `course_configuration`
  MODIFY `CONFIG_ID` int(10) NOT NULL AUTO_INCREMENT, AUTO_INCREMENT=164;

--
-- AUTO_INCREMENT for table `course_details`
--
ALTER TABLE `course_details`
  MODIFY `COURSE_DETAILS_ID` int(30) NOT NULL AUTO_INCREMENT, AUTO_INCREMENT=113;

--
-- AUTO_INCREMENT for table `course_modules`
--
ALTER TABLE `course_modules`
  MODIFY `COURSE_MODULE_ID` int(10) NOT NULL AUTO_INCREMENT, AUTO_INCREMENT=6;

--
-- AUTO_INCREMENT for table `faculty_allotment`
--
ALTER TABLE `faculty_allotment`
  MODIFY `F_ALLOTMENT_ID` int(10) NOT NULL AUTO_INCREMENT, AUTO_INCREMENT=31;

--
-- AUTO_INCREMENT for table `institute_details`
--
ALTER TABLE `institute_details`
  MODIFY `INSTITUTE_ID` int(10) NOT NULL AUTO_INCREMENT, AUTO_INCREMENT=3;

--
-- AUTO_INCREMENT for table `program_details`
--
ALTER TABLE `program_details`
  MODIFY `PROGRAM_ID` int(10) NOT NULL AUTO_INCREMENT, AUTO_INCREMENT=7;

--
-- AUTO_INCREMENT for table `user_details`
--
ALTER TABLE `user_details`
  MODIFY `USER_ID` int(10) NOT NULL AUTO_INCREMENT, AUTO_INCREMENT=14;
COMMIT;

/*!40101 SET CHARACTER_SET_CLIENT=@OLD_CHARACTER_SET_CLIENT */;
/*!40101 SET CHARACTER_SET_RESULTS=@OLD_CHARACTER_SET_RESULTS */;
/*!40101 SET COLLATION_CONNECTION=@OLD_COLLATION_CONNECTION */;
